{"OutputFileHashSum":"042C3EA5594C93888DA7C9FE4E6E8BF1F62F8A91E5C64E2FBD6DD4D4ECE84A39","Converted":true,"OutputModifyDate":"2019-10-29T09:07:32.9931388Z","Metadatas":[{"CategoryName":"VuGen.Replay","Offset":518,"Length":23,"TypeId":1},{"CategoryName":"VuGen.Replay","Offset":10897,"Length":535,"TypeId":2},{"CategoryName":"VuGen.Replay","Offset":11432,"Length":120,"TypeId":2},{"CategoryName":"VuGen.Replay","Offset":15143,"Length":171,"TypeId":2},{"CategoryName":"VuGen.Replay","Offset":15314,"Length":143,"TypeId":2},{"CategoryName":"VuGen.Replay","Offset":17394,"Length":21,"TypeId":1}],"MetadataTypes":[{"CategoryName":"VuGen.Replay","MetadataTypeName":"HP.LR.Vugen.Iteration","Id":1},{"CategoryName":"VuGen.Replay","MetadataTypeName":"Utt.Debugger.Warning","Id":2}]}