{"parameters":[{"parameterName":"Email_in_login","datatype":"enum:[Yes,No]","description":"Determines whether a mandatory Email field is added to the login screen. Use this parameter to demonstrate that in BPT, a single component can be modified without updating other tests. Default = No. Yes = Add the Email Address field.","attributeTools":"BPT","locationInAdvantage":"Login page","parameterValue":"No"},{"parameterName":"AppPulse_user","datatype":"string","description":"UserName:Password for AppPulse user to trigger the relevant AppPulse features.","attributeTools":"AppPulse","locationInAdvantage":"Entire site","parameterValue":"AppPulse:AppPulse1"},{"parameterName":"ShipEx_repeat_calls","datatype":"string","description":"Defines the number of times to repeat a call to ShipEx. Use this parameter to find unnecessary multiple calls to the same methods, and affects performance. Default = 0 (no repeat calling. ","attributeTools":"NV","locationInAdvantage":"Purchase","parameterValue":"0"},{"parameterName":"Add_product_to_incorrect_category","datatype":"enum:[Yes,No]","description":"Defines whether to move a Headphones item (product-id=13) from the Headphones category to the Speakers category. Use this parameter to demonstrate an error in GUI or API testing. Default = No (category is not changed). Yes = Modify the product category.","attributeTools":"LeanFT;UFT","locationInAdvantage":"Speakers page","parameterValue":"No"},{"parameterName":"DB_call_delay","datatype":"string","description":"Defines the number of seconds to delay the retrieval of countries during user registration. Default = 0 (no delay). Possible values = Any positive integer.","attributeTools":"LoadRunner;StormRunner","locationInAdvantage":"CREATE ACCOUNT page","parameterValue":"0"},{"parameterName":"User_alternate_WSDL","datatype":"enum:[Yes,No]","description":"Determines whether to modify the field names on the user registration page. (Preferred payment method > Favorite payment; Phone > Mobile phone) Use this parameter to demonstrate API testing. Default = No. Yes = Use the second WSDL request to register a new user","attributeTools":"UFT","locationInAdvantage":"CREATE ACCOUNT page","parameterValue":"No"},{"parameterName":"Sum_added_to_cart","datatype":"string","description":"Defines a sum to be added to each cart calculation. The sum is updated in to both the Web and Mobile UI (no API). A user must be logged in to enable this change. Default = 0 (no sum added)","attributeTools":"LeanFT;UFT","locationInAdvantage":"Order payment page","parameterValue":"0"},{"parameterName":"Generate_memory_leak","datatype":"string","description":"Defines the amount of memory leak in megabytes while retrieving the order history. The memory leak is visible in both the UI and the API. Default = 0 (no leak at all). Positive Integer = Number, multiplied by 1000. For example 1 = 1000 megabyte memory leak.","attributeTools":"LoadRunner;StormRunner","locationInAdvantage":"Order history","parameterValue":"0"},{"parameterName":"Postgres_Locks","datatype":"enum:[Tip]","description":"To generate a exhaustion of PostgresSQL locks, go to CONTACT US type ‘database’ at the Subject and click SEND.","attributeTools":"Ops B","locationInAdvantage":"Mobile, Entire App","parameterValue":"Tip"},{"parameterName":"Max_concurrent_users","datatype":"string","description":"Defines the maximum number of concurrent users allowed. Any additional users are rejected with an error code 500. Default = 0 (no concurrent sessions allowed). Possible values = Any positive integer.","attributeTools":"LoadRunner;StormRunner;NV","locationInAdvantage":"Login response","parameterValue":"0"},{"parameterName":"Typos_on_order_payment","datatype":"enum:[Yes,No]","description":"Determines whether spelling errors appear in the UI. Default = No. Yes = The following spelling errors are shown: - SHIPING DETAILS - Ciity - Recipeint Details (Web only) - ORDERR SUMMARY (Web only)","attributeTools":"Sprinter","locationInAdvantage":"Web: ORDER PAYMENT page ; Mobile: SHIPPING DETAILS page","parameterValue":"No"},{"parameterName":"Misplace_pictures_on_Android","datatype":"enum:[Yes,No]","description":"Determines whether pictures are placed differently on the home page when viewed on an Android  device. Use this parameter to demonstrate how the application may function differently on different mobile OSs. Default = No. Yes = Pictures are placed differently on Android devices.","attributeTools":"LeanFT;MobileCenter;UFT","locationInAdvantage":"Home page","parameterValue":"No"},{"parameterName":"Add_to_cart_time_delay","datatype":"string","description":"Defines the number of seconds to add as a delay in response time when a logged in user adds an item to cart. Default = 0 (no delay).","attributeTools":"LoadRunner;StormRunner","locationInAdvantage":"DefaultShoppingCartRepository","parameterValue":"0"},{"parameterName":"SLA_add_delay_time","datatype":"string","description":"Defines the number of seconds to add as a delay in response time when trying to login. Default = 0 (no delay). If you modify this value, also modify the SLA_add_delay_sessions parameter.","attributeTools":"LoadRunner;StormRunner","locationInAdvantage":"AccountServiceEndpoint","parameterValue":"0"},{"parameterName":"SLA_add_delay_sessions","datatype":"string","description":"Defines a number of concurrent users sessions at which a delay is added to login response. Enabled only when SLA_add_delay_time is set to a number greater than 0. Default = 20. Valid values = 0-n. The system starts adding a delay if the number of sessions is greater than the defined value. It will stop the delay if the number of sessions is decreased to less than the defined value. If you modify this value, also modify the SLA_add_delay_time parameter.","attributeTools":"LoadRunner;StormRunner","locationInAdvantage":"ADD TO CART response","parameterValue":"20"},{"parameterName":"Show_slow_pages","datatype":"enum:[Yes,No]","description":"Determines whether NV report shows problems and errors: HTTP Codes 4xx and 5xx, loading unused libraries, timeout, downloading big images, etc. ","attributeTools":"NV;StormRunner","locationInAdvantage":"Home Page; Laptops Page","parameterValue":"No"},{"parameterName":"Price_diffs_UI_vs_API","datatype":"enum:[Yes,No]","description":"Creates a difference in the prices shown in the UI and the prices used in the API. Default = No. Yes = Price is doubled in the UI only, for both desktop and mobile, across the entire app.","attributeTools":"LeanFT;UFT","locationInAdvantage":"Entire site","parameterValue":"No"},{"parameterName":"Allow_Error_in_Login","datatype":"enum:[Yes,No]","description":"Determines whether an invalid passwords are allowed. These would trigger an error in a test, indicating a security gap in the product. Default = No. Yes = Invalid passwords allowed, such as an empty password, or ‘1’=’1’","attributeTools":"Fortify","locationInAdvantage":"Login page","parameterValue":"No"},{"parameterName":"Tips_Implement_DevOps_Process","datatype":"enum:[Tip]","description":"To demonstrate the DevOpps process in a lifecycle management product, do the following:         1. In Octane, in your product release, add a user story to change an invalid user name or password text.         2. Demonstrate that you can view this new user story in your IDE.         3. Implement the user story by changing the MESSAGE_USER_LOGIN_FAILED error message in the following file: \\adm-demo-app\\accountservice\\src\\main\\java\\com\\advantage\\accountsoap\\model\\Account.java.         For example, change it from \"Invalid user name or password\" to \"Incorrect user name or password, please try again\".         4. Demonstrate the DevOps process and that you can now see the new error message on both desktop and mobile.","attributeTools":"","locationInAdvantage":"Change password","parameterValue":"Tip"},{"parameterName":"ShipEx_Free_Number_Of_Products","datatype":"string","description":"The quantity of products in a single purchase that are entitled to free shipping. Default = 1.","attributeTools":"","locationInAdvantage":"Order Payment","parameterValue":"1"},{"parameterName":"Tips_Mock_SOAP_ShipEx_Service","datatype":"enum:[Tip]","description":"The shipping cost is determined by a table table in the 'shipex-mock-for-db.properties' configuration file, according to country.  Shipping costs to countries not defined in the table are determined based on the value for Other.  Free shipping can be provided when the number of items ordered is equal to or less than the value  of the 'ShipEx_Free_Number_Of_Products' configuration parameter (default = 1).","attributeTools":"","locationInAdvantage":"Order Payment","parameterValue":"Tip"},{"parameterName":"Tips_Application_Development_Environment","datatype":"enum:[Tip]","description":"The Advantage demo site uses the following software versions and interfaces:  - Java server: Java 8  - Application server: Tomcat 8  - Web UI: Angular 1.47  - Admin Application: Standalone .NET  - Database: PostgreSQL 9.4  - Schema Management: Liquibase 3.4  - Catalog, Order Services: REST API  - User Management: WSDL.","attributeTools":"","locationInAdvantage":"","parameterValue":"Tip"},{"parameterName":"Tips_Scripting","datatype":"enum:[Tip]","description":"The demo app IP addresses are not fixed. In any scripts you create for a demo, make sure to use a parameter for the application IP address.","attributeTools":"LeanFT;UFT","locationInAdvantage":"","parameterValue":"Tip"},{"parameterName":"Tips_Scripting","datatype":"enum:[Tip]","description":"The demo app IP addresses are not fixed. In any scripts you create for a demo, make sure to use a parameter for the application IP address.","attributeTools":"LoadRunner;StormRunner","locationInAdvantage":"","parameterValue":"Tip"},{"parameterName":"Tips_Fill_User_Location_From_GPS","datatype":"enum:[Tip]","description":"To use your GPS location instead of the default values, toggle on the Use my location option on the following pages:  1. CREATE ACCOUNT, for the user account details.  2. ORDER PAYMENT, for the shipping details.","attributeTools":"MobileCenter","locationInAdvantage":"Create Account, Order Payment - Shipping details","parameterValue":"Tip"},{"parameterName":"Tips_Mock_MasterCredit_Generate_Error","datatype":"enum:[Tip]","description":"To generate an error using the MasterCredit card, enter a MasterCredit expiration date earlier than the current day.","attributeTools":"","locationInAdvantage":"Order Payment","parameterValue":"Tip"},{"parameterName":"Tips_Mock_SafePay_Generate_Error_409","datatype":"enum:[Tip]","description":"To generate an error using SafePay, enter identical (case sensitive) username and password.","attributeTools":"AppPulse","locationInAdvantage":"Web: Order Payment; Mobile: Payment Method (SafePay)","parameterValue":"Tip"},{"parameterName":"Tips_WebSocket_example","datatype":"enum:[Tip]","description":"To demonstrate WebSocket features, use the chat widget located on the Home page (http://www.advantageonlineshopping.com/), under Contact Us.","attributeTools":"LoadRunner","locationInAdvantage":"Home page - CONTACT US","parameterValue":"Tip"},{"parameterName":"Tips_Support_Different_Types_Of_Controls","datatype":"enum:[Tip]","description":"Use the following UI elements to demonstrate various functional testing features:  * String: On the CREATE ACCOUNT or ACCOUNT DETAILS page, update the Personal Details fields.  * Radio button: On the ORDER PAYMENT page, select a payment method.  * Date value: On the ORDER PAYMENT page, select the MasterCredit option and then enter an expiration date.  * List box: On the CREATE ACCOUNT page, select a country from the Country drop down list.  * Multiple selection: Browse products by category and filter the products shown by using the options on the left","attributeTools":"BPT;MobileCenter;LeanFT;UFT","locationInAdvantage":"Entire Site","parameterValue":"Tip"},{"parameterName":"Tips_System_Configuration","datatype":"enum:[Tip]","description":"The Admin UI menu and pages are read-only in the shared system on the cloud.  You can make changes in a local instance.  Troubleshooting: If you are unable to make changes in a local instance:  1. Navigate to the DemoApp.properties file.  2. Ensure that the Allow user configuration value is set to Yes. This is the default setting.  3. Verify that you can configure the relevant field from the Admin UI as needed.","attributeTools":"","locationInAdvantage":".NET Admin app","parameterValue":"Tip"},{"parameterName":"Tips_replace_3rd_party_services_with_SV","datatype":"enum:[Tip]","description":"Replace the ShipEx, MasterCredit, or SafePay 3rd party services with Service Virtualization by updating the relevant URLs in the services.properties configuration file.  This file is located in properties folder of 5 services: accountservice, MasterCredit, order, ROOT, SafePay.  For example: /accountservice/properties/services.properties.  1. Navigate to the <service-name>.url.host line, and modify the URL/IP address string to the Service Virtualization URL and IP address.  2. Navigate to the <service-name>.url.port line and modify the port string to the Service Virtualization port.  3. Save the file, and repeat these steps for each service in the services.properties file, and in the services.properties files for each service.","attributeTools":"SV","locationInAdvantage":"ShipEx;MasterCredit;SafePay","parameterValue":"Tip"},{"parameterName":"Tips_How_To_Use_Product_Video","datatype":"enum:[Tip]","description":"ADM performance tools support HTML5 video streaming via: native browsers, plugins such as Adobe Flash, or standalone software.  To demonstrate this feature, browse to one of the following products and view the demo video:  - HP ROAR WIRELESS SPEAKER (Product ID: 22)  - BEATS STUDIO 2 OVER-EAR MATTE BLACK HEADPHONES (product ID: 15)  - HP ELITEPAD 1000 G2 TABLET (product ID: 16)","attributeTools":"LoadRunner","locationInAdvantage":"Selected Products","parameterValue":"Tip"},{"parameterName":"Tips_regular_expression","datatype":"enum:[Tip]","description":"The button text always starts with Pay to allow for demonstrating regular expressions in object identification.","attributeTools":"LeanFT;UFT","locationInAdvantage":"Pay button in cart sum","parameterValue":"Tip"},{"parameterName":"Tips_correlation_example","datatype":"enum:[Tip]","description":"To demonstrate correlation, make sure that you include a login step in your flow.  The correlation is implemented with the session ID.","attributeTools":"LoadRunner","locationInAdvantage":"Web Application Login","parameterValue":"Tip"},{"parameterName":"Tips_async_example","datatype":"enum:[Tip]","description":"ADM performance tools support asynchronous communication.  To demonstrate this feature, browse to any of the products in the HEADPHONES category, and record the comments (web only).","attributeTools":"LoadRunner","locationInAdvantage":"","parameterValue":"Tip"},{"parameterName":"Tips_Swagger_Interface_For_REST_APIs","datatype":"enum:[Tip]","description":"To use Swagger interface for REST APIs change the URL to http://<your-server>:<port>/<service>/api/docs.  <service> can be on of the following (case sensitive): catalog, order, MasterCredit or SafePay.  For example: http://www.advantageonlineshopping.com:80/catalog/api/docs.","attributeTools":"","locationInAdvantage":"catalog,MasterCredit,order,SafePay services","parameterValue":"Tip"},{"parameterName":"Tips_REST_API_Params_In_Request_URL","datatype":"enum:[Tip]","description":"Send the REST API request and parameters in request URL. Example: http://www.advantageonlineshopping.com/catalog/api/v1/products/1.","attributeTools":"UFT","locationInAdvantage":"catalog,MasterCredit,order,SafePay services","parameterValue":"Tip"},{"parameterName":"Tips_REST_API_Params_In_Request_Body","datatype":"enum:[Tip]","description":"Send the REST API parameters in the request body. Example: http://www.advantageonlineshopping.com/MasterCredit/api/v1/payments/payment, body: { \"MCCVVNumber\": 666, \"MCCardNumber\": 6543210987654321, \"MCCustomerName\": \"King David\", \"MCCustomerPhone\": \"+12025551969\", \"MCExpirationDate\": \"032017\", \"MCRecevingAmount.Value\": 2011.03, \"MCRecevingCard.AccountNumber\": 112987298763, \"MCRecevingCard.Currency\": \"USD\", \"MCTransactionDate\": \"02092016\", \"MCTransactionType\": \"PAYMENT\" }.","attributeTools":"UFT","locationInAdvantage":"catalog,MasterCredit,order,SafePay services","parameterValue":"Tip"},{"parameterName":"Tips_DFE","datatype":"enum:[Tip]","description":"Send login request and response in Base-64 encoded, instead of in plain text, to show DFE in snapshot (display only).","attributeTools":"LoadRunner","locationInAdvantage":"Web Application Login","parameterValue":"Tip"},{"parameterName":"Tips_validation_example","datatype":"enum:[Tip]","description":"To demonstrate validation: Perform a flow where you buy the contents of the cart, then go to the My Orders page and look for the order by its order number (shows positive validation). Delete the order, then look for the order by its number again (shows negative validation).","attributeTools":"LoadRunner","locationInAdvantage":"My Orders","parameterValue":"Tip"},{"parameterName":"Mobile_crash","datatype":"enum:[Tip]","description":"To generate a crash, login with AppPulse user and change the device orientation from portrait to landscape","attributeTools":"AppPulse","locationInAdvantage":"Mobile: entire app","parameterValue":"Tip"},{"parameterName":"Slow_launch_of_the_native_app","datatype":"enum:[Tip]","description":"To show a slow launch, log in as the AppPulse user and kill the app. From this point on, any launch will be slow until you log in with a different user","attributeTools":"AppPulse","locationInAdvantage":"Android native app: Launch","parameterValue":"Tip"},{"parameterName":"Error_500","datatype":"enum:[Tip]","description":"To generate error 500, login with AppPulse user, add items to the the cart, checkout and click on pay now","attributeTools":"AppPulse","locationInAdvantage":"Order Payment","parameterValue":"No"},{"parameterName":"Error_403","datatype":"enum:[Tip]","description":"To generate error 403, click on the 'Sign in with Facebook' button.","attributeTools":"AppPulse","locationInAdvantage":"Login page","parameterValue":"Tip"},{"parameterName":"Use_Camera_Capability","datatype":"enum:[Tip]","description":"Add an option to enable the user to take a picture with the camera . This picture will be added to the current product page. In offline mode, the picture is retained for the current session only. When using MC, if “Camera Sensor” is enabled, this picture will be replaced with the picture the user previously uploaded to MC.","attributeTools":"MobileCenter","locationInAdvantage":"Mobile apps: Product page","parameterValue":"Tip"},{"parameterName":"Tips_SQL_injection_vulnerability","datatype":"enum:[Tip]","description":"A functional test finds the following defect: The user creates a user with any Username, but the name that is actually created is duplicated, as displayed at the top right side of the site.   The user opens a defect, fixes the code, and commits the change. This triggers a Fortify scan (provided that you added the Fortify scan trigger in the code change) that will find an SQL injection vulnerability.  To achieve this, you must edit the accountservice\\src\\main\\java\\com\\advantage\\accountsoap\\dao\\impl\\DefaultAccountRepository file. In this file, first uncomment the code that is located between the 'SQL injection vulnerability' tags.  Then, comment out the code that is located between the 'Code without SQL injection vulnerability' tags. Note that there are 2 locations in the code in which you need to make these changes.","attributeTools":"Fortify, LeanFT, UFT","locationInAdvantage":"Create Account page","parameterValue":"Tip"}]}