[{"categoryId":1,"categoryName":"LAPTOPS","categoryImageId":"1235","promotedProduct":{"id":3,"staringPrice":"650","promotionHeader":"EXPLORE THE NEW DESIGN","promotionSubHeader":"Supremely thin, yet incredibly durable","productName":"HP Pavilion 15z Touch Laptop","price":449.99,"description":"Redesigned with you in mind, the HP Pavilion keeps getting better. Our best-selling notebook is now more powerful so you can watch more, play more, and store more, all in style.","imageUrl":"1300","attributes":[{"attributeName":"DISPLAY RESOLUTION","attributeValue":"1920x1080"},{"attributeName":"OPERATING SYSTEM","attributeValue":"Windows 10"},{"attributeName":"DISPLAY","attributeValue":"15.6-inch diagonal Full HD WLED-backlit Display (1920x1080) Touchscreen"},{"attributeName":"CUSTOMIZATION","attributeValue":"Simplicity"},{"attributeName":"WEIGHT","attributeValue":"5.51 lb"},{"attributeName":"TOUCHSCREEN","attributeValue":"Yes"},{"attributeName":"DISPLAY SIZE","attributeValue":"15.6"},{"attributeName":"PROCESSOR","attributeValue":"AMD Quad-Core A10-8700P Processor + AMD Radeon(TM) R6 Graphics"},{"attributeName":"MEMORY","attributeValue":"16GB DDR3 - 2 DIMM"}]},"attributes":[{"attributeName":"CUSTOMIZATION","attributeValues":["2-in-1","Simplicity","Gaming","Business"]},{"attributeName":"OPERATING SYSTEM","attributeValues":["Windows 8.1","Windows 7 Professional 64","Chrome OS","Windows 10"]},{"attributeName":"PROCESSOR","attributeValues":["Intel(R) Core(TM) i5-6200U Dual CoreProcessor","AMD Quad-Core A10-8700P Processor + AMD Radeon(TM) R6 Graphics","Intel® Core™ i7-4710MQ with Intel HD Graphics 4600 (2.5 GHz, up to 3.5 GHz with Intel Turbo Boost Technology, 6 MB cache, 4 cores)","Intel® Celeron® processor","Intel® Core™ i7-5500U with Intel HD Graphics 5500 (2.4 GHz, 4 MB cache, 2 cores)","Intel(R) Core(TM) i7-5500U Dual Core Processor","Intel Turbo Boost Technology","intel(R) Core(TM) i5-6300HQ"]},{"attributeName":"MEMORY","attributeValues":["16GB DDR3 - 2 DIMM","8 GB DDR3L SDRAM (1 x 8 GB)","8 GB 1600 MHz DDR3L SDRAM (2 x 4 GB)","8GB DDR3L - 1 DIMM","2 GB 1333 MHz DDR3 SDRAM"]},{"attributeName":"DISPLAY","attributeValues":["14-diagonal HD WLED Brightview flat SVA (1366 x 768)","13.3 inch diagonal QHD IPS Radiance Infinity LED-backlit touch screen (2560 x 1440)","15.6-inch diagonal HD WLED-backlit Display (1366x768) Touchscreen","15.6-inch diagonal Full HD WLED-backlit Display (1920x1080) Touchscreen","14-inch diagonal LED-backlit HD+ SVA Anti-Glare (1600x900)","17.3-inch diagonal Full HD WLED-backlit IPS Display (1920x1080) Touchscreen","11.6-diagonal HD anti-glare WLED-backlit (1366 x 768)","17.3 inch diagonal LED-backlit FHD WVA anti-glare (1920 x 1080)","15.6-inch diagonal Full HD WLED-backlit IPS Display (1920x1080) Touchscreen"]},{"attributeName":"WEIGHT","attributeValues":["4.96 lb","7.25 lb","7.42 lb","3.2 lb","4 lb","5.51 lb","2.3 lb","3.17 lb","2.6 lb"]},{"attributeName":"DISPLAY SIZE","attributeValues":["13.3","14","15.6","17.3","11.6"]},{"attributeName":"DISPLAY RESOLUTION","attributeValues":["1920x1080","1600x900","2560x1440","1366x768"]},{"attributeName":"TOUCHSCREEN","attributeValues":["No","Yes"]}],"products":[{"productId":9,"categoryId":1,"productName":"HP Chromebook 14 G1(ENERGY STAR)","price":299.99,"description":"This HP notebook is all about getting the perfect combination of design, reliability, and features. Style and productivity while keeping your wallet in mind - now that's something to get excited about.","imageUrl":"1249","attributes":[{"attributeName":"DISPLAY SIZE","attributeValue":"14","showInFilter":false},{"attributeName":"PROCESSOR","attributeValue":"Intel® Celeron® processor","showInFilter":true},{"attributeName":"WEIGHT","attributeValue":"2.3 lb","showInFilter":true},{"attributeName":"DISPLAY","attributeValue":"14-diagonal HD WLED Brightview flat SVA (1366 x 768)","showInFilter":true},{"attributeName":"MEMORY","attributeValue":"16GB DDR3 - 2 DIMM","showInFilter":false},{"attributeName":"TOUCHSCREEN","attributeValue":"No","showInFilter":false},{"attributeName":"DISPLAY RESOLUTION","attributeValue":"1366x768","showInFilter":false},{"attributeName":"CUSTOMIZATION","attributeValue":"Simplicity","showInFilter":false},{"attributeName":"OPERATING SYSTEM","attributeValue":"Chrome OS","showInFilter":true}],"colors":[{"code":"C3C3C3","name":"GRAY","inStock":10},{"code":"414141","name":"BLACK","inStock":10},{"code":"FFFFFF","name":"WHITE","inStock":10}],"images":["ABCDEF##custom_image_user_455eda2e-8ee2-42f0-b7fd-9ed0f576d21d","ABCDEF##custom_image_user_ffe80b63-365e-437b-a2d0-3a77ef5753c1","ABCDEF##custom_image_user_be956f5f-f95c-4ddf-9a87-ca76782b1c23","ABCDEF##custom_image_user_94f3f0cd-a744-4347-bc52-b3e380853557","ABCDEF##custom_image_user_49d89391-650b-4aee-b4c4-f233b2283ebb","ABCDEF##custom_image_user_6687295b-dd5c-4a53-a01d-10f04df0f6d5","ABCDEF##1249","ABCDEF##custom_image_user_5098de3c-b2e8-4404-80b0-accee9b22d9a","ABCDEF##custom_image_user_e13527e7-3f0f-4727-96df-d5c37f635d91"],"productStatus":"Active"},{"productId":10,"categoryId":1,"productName":"HP Chromebook 14 G1(ES)","price":1261.99,"description":"Introducing the next generation HP EliteBook Folio 9480m Ultrabook™[2]. Timeless, ultra slim profile in an all metal design with optional 4G Broadband wWAN, and 4th Generation Intel® Core™ Processing Technology.","imageUrl":"1250","attributes":[{"attributeName":"OPERATING SYSTEM","attributeValue":"Windows 10","showInFilter":true},{"attributeName":"PROCESSOR","attributeValue":"Intel(R) Core(TM) i5-6200U Dual CoreProcessor","showInFilter":true},{"attributeName":"WEIGHT","attributeValue":"3.2 lb","showInFilter":true},{"attributeName":"TOUCHSCREEN","attributeValue":"No","showInFilter":false},{"attributeName":"CUSTOMIZATION","attributeValue":"Business","showInFilter":false},{"attributeName":"MEMORY","attributeValue":"16GB DDR3 - 2 DIMM","showInFilter":false},{"attributeName":"DISPLAY","attributeValue":"14-inch diagonal LED-backlit HD+ SVA Anti-Glare (1600x900)","showInFilter":true},{"attributeName":"DISPLAY RESOLUTION","attributeValue":"1600x900","showInFilter":false},{"attributeName":"DISPLAY SIZE","attributeValue":"14","showInFilter":false}],"colors":[{"code":"C3C3C3","name":"GRAY","inStock":10}],"images":["ABCDEF##custom_image_user_5aaa5b26-3ea8-4a0b-b253-e542c849a04b","ABCDEF##custom_image_user_f4b60ba3-aa32-4300-9ca2-106d552ed351","ABCDEF##custom_image_user_f1f55468-2b80-4691-92dd-59811a4ff759","ABCDEF##custom_image_user_f3146769-64c4-47b8-9c13-8b61cde5ce0b","C3C3C3##1250","ABCDEF##custom_image_user_f9b4ee43-5580-4217-bc37-55fbd4a06aec"],"productStatus":"Active"},{"productId":7,"categoryId":1,"productName":"HP ENVY - 17t Touch Laptop","price":849.99,"description":"We took our remarkable 360° convertible PC and enhanced it with premium features to give you ultimate flexibility and enviable looks.","imageUrl":"1700","attributes":[{"attributeName":"MEMORY","attributeValue":"16GB DDR3 - 2 DIMM","showInFilter":false},{"attributeName":"DISPLAY","attributeValue":"17.3-inch diagonal Full HD WLED-backlit IPS Display (1920x1080) Touchscreen","showInFilter":true},{"attributeName":"TOUCHSCREEN","attributeValue":"Yes","showInFilter":false},{"attributeName":"PROCESSOR","attributeValue":"Intel(R) Core(TM) i7-5500U Dual Core Processor","showInFilter":true},{"attributeName":"CUSTOMIZATION","attributeValue":"Business","showInFilter":false},{"attributeName":"OPERATING SYSTEM","attributeValue":"Windows 10","showInFilter":true},{"attributeName":"DISPLAY SIZE","attributeValue":"17.3","showInFilter":false},{"attributeName":"DISPLAY RESOLUTION","attributeValue":"1920x1080","showInFilter":false},{"attributeName":"WEIGHT","attributeValue":"7.25 lb","showInFilter":true}],"colors":[{"code":"C3C3C3","name":"GRAY","inStock":10}],"images":["ABCDEF##1702","ABCDEF##1703","ABCDEF##1700","C3C3C3##1701"],"productStatus":"Active"},{"productId":6,"categoryId":1,"productName":"HP ENVY x360 - 15t Laptop","price":699.99,"description":"We took our remarkable 360° convertible PC and enhanced it with premium features to give you ultimate flexibility and enviable looks.","imageUrl":"1600","attributes":[{"attributeName":"OPERATING SYSTEM","attributeValue":"Windows 10","showInFilter":true},{"attributeName":"DISPLAY RESOLUTION","attributeValue":"1920x1080","showInFilter":false},{"attributeName":"DISPLAY","attributeValue":"15.6-inch diagonal Full HD WLED-backlit IPS Display (1920x1080) Touchscreen","showInFilter":true},{"attributeName":"WEIGHT","attributeValue":"4.96 lb","showInFilter":true},{"attributeName":"CUSTOMIZATION","attributeValue":"2-in-1","showInFilter":false},{"attributeName":"MEMORY","attributeValue":"8GB DDR3L - 1 DIMM","showInFilter":false},{"attributeName":"TOUCHSCREEN","attributeValue":"Yes","showInFilter":false},{"attributeName":"PROCESSOR","attributeValue":"intel(R) Core(TM) i5-6300HQ","showInFilter":true},{"attributeName":"DISPLAY SIZE","attributeValue":"15.6","showInFilter":false}],"colors":[{"code":"C3C3C3","name":"GRAY","inStock":10}],"images":["C3C3C3##1601","C3C3C3##1602","ABCDEF##1600","C3C3C3##1603"],"productStatus":"Active"},{"productId":1,"categoryId":1,"productName":"HP Pavilion 15t Touch Laptop","price":519.99,"description":"Redesigned with you in mind, the HP Pavilion keeps getting better. Our best-selling notebook is now more powerful so you can watch more, play more, and store more, all in style.","imageUrl":"1100","attributes":[{"attributeName":"CUSTOMIZATION","attributeValue":"Gaming","showInFilter":false},{"attributeName":"OPERATING SYSTEM","attributeValue":"Windows 10","showInFilter":true},{"attributeName":"MEMORY","attributeValue":"16GB DDR3 - 2 DIMM","showInFilter":false},{"attributeName":"DISPLAY","attributeValue":"15.6-inch diagonal HD WLED-backlit Display (1366x768) Touchscreen","showInFilter":true},{"attributeName":"PROCESSOR","attributeValue":"Intel(R) Core(TM) i5-6200U Dual CoreProcessor","showInFilter":true},{"attributeName":"DISPLAY RESOLUTION","attributeValue":"1366x768","showInFilter":false},{"attributeName":"DISPLAY SIZE","attributeValue":"15.6","showInFilter":false},{"attributeName":"TOUCHSCREEN","attributeValue":"Yes","showInFilter":false},{"attributeName":"WEIGHT","attributeValue":"4 lb","showInFilter":true}],"colors":[{"code":"DD3A5B","name":"RED","inStock":10},{"code":"C3C3C3","name":"GRAY","inStock":10},{"code":"3683D1","name":"BLUE","inStock":10}],"images":["3683D1##1102","DD3A5B##1101","C3C3C3##1100","DD3A5B##1103"],"productStatus":"Active"},{"productId":3,"categoryId":1,"productName":"HP Pavilion 15z Touch Laptop","price":449.99,"description":"Redesigned with you in mind, the HP Pavilion keeps getting better. Our best-selling notebook is now more powerful so you can watch more, play more, and store more, all in style.","imageUrl":"1300","attributes":[{"attributeName":"DISPLAY","attributeValue":"15.6-inch diagonal Full HD WLED-backlit Display (1920x1080) Touchscreen","showInFilter":true},{"attributeName":"WEIGHT","attributeValue":"5.51 lb","showInFilter":true},{"attributeName":"DISPLAY SIZE","attributeValue":"15.6","showInFilter":false},{"attributeName":"PROCESSOR","attributeValue":"AMD Quad-Core A10-8700P Processor + AMD Radeon(TM) R6 Graphics","showInFilter":true},{"attributeName":"CUSTOMIZATION","attributeValue":"Simplicity","showInFilter":false},{"attributeName":"OPERATING SYSTEM","attributeValue":"Windows 10","showInFilter":true},{"attributeName":"TOUCHSCREEN","attributeValue":"Yes","showInFilter":false},{"attributeName":"MEMORY","attributeValue":"16GB DDR3 - 2 DIMM","showInFilter":false},{"attributeName":"DISPLAY RESOLUTION","attributeValue":"1920x1080","showInFilter":false}],"colors":[{"code":"DD3A5B","name":"RED","inStock":10},{"code":"414141","name":"BLACK","inStock":10},{"code":"C3C3C3","name":"GRAY","inStock":10},{"code":"FCC23D","name":"YELLOW","inStock":10},{"code":"545195","name":"PURPLE","inStock":10},{"code":"3683D1","name":"BLUE","inStock":10}],"images":["414141##1301","414141##1302","3683D1##1300","C3C3C3##1302","C3C3C3##1301"],"productStatus":"Active"},{"productId":4,"categoryId":1,"productName":"HP Spectre x360 - 13-4102dx","price":1399.99,"description":"Stunning, ultra-slim convertible PC with a 360° hinge","imageUrl":"1400","attributes":[{"attributeName":"TOUCHSCREEN","attributeValue":"Yes","showInFilter":false},{"attributeName":"WEIGHT","attributeValue":"3.17 lb","showInFilter":true},{"attributeName":"MEMORY","attributeValue":"8 GB DDR3L SDRAM (1 x 8 GB)","showInFilter":false},{"attributeName":"PROCESSOR","attributeValue":"Intel® Core™ i7-5500U with Intel HD Graphics 5500 (2.4 GHz, 4 MB cache, 2 cores)","showInFilter":true},{"attributeName":"CUSTOMIZATION","attributeValue":"2-in-1","showInFilter":false},{"attributeName":"OPERATING SYSTEM","attributeValue":"Windows 10","showInFilter":true},{"attributeName":"DISPLAY RESOLUTION","attributeValue":"2560x1440","showInFilter":false},{"attributeName":"DISPLAY","attributeValue":"13.3 inch diagonal QHD IPS Radiance Infinity LED-backlit touch screen (2560 x 1440)","showInFilter":true},{"attributeName":"DISPLAY SIZE","attributeValue":"13.3","showInFilter":false}],"colors":[{"code":"C3C3C3","name":"GRAY","inStock":10}],"images":["C3C3C3##1401","C3C3C3##1400","C3C3C3##1403","C3C3C3##1402"],"productStatus":"Active"},{"productId":5,"categoryId":1,"productName":"HP Stream - 11-d020nr Laptop","price":179.99,"description":"Work from a happy place with a stylish, affordable, Windows-based PC. Store your content in the cloud for easy access from anywhere you have internet.","imageUrl":"1245","attributes":[{"attributeName":"WEIGHT","attributeValue":"2.6 lb","showInFilter":true},{"attributeName":"TOUCHSCREEN","attributeValue":"No","showInFilter":false},{"attributeName":"OPERATING SYSTEM","attributeValue":"Windows 8.1","showInFilter":true},{"attributeName":"DISPLAY RESOLUTION","attributeValue":"1366x768","showInFilter":false},{"attributeName":"MEMORY","attributeValue":"2 GB 1333 MHz DDR3 SDRAM","showInFilter":false},{"attributeName":"PROCESSOR","attributeValue":"Intel Turbo Boost Technology","showInFilter":true},{"attributeName":"CUSTOMIZATION","attributeValue":"Gaming","showInFilter":false},{"attributeName":"DISPLAY","attributeValue":"11.6-diagonal HD anti-glare WLED-backlit (1366 x 768)","showInFilter":true},{"attributeName":"DISPLAY SIZE","attributeValue":"11.6","showInFilter":false}],"colors":[{"code":"3683D1","name":"BLUE","inStock":10},{"code":"545195","name":"PURPLE","inStock":10}],"images":["545195##1245","3683D1##1502","3683D1##1501"],"productStatus":"Active"},{"productId":8,"categoryId":1,"productName":"HP ZBook 17 G2 Mobile Workstation","price":1799.0,"description":"On the go creativity knows no limits on a vivid 17.3 inch diagonal HP ZBook 17 G2. Showcase your best work in the office or on the go and take advantage of HP’s most powerful processing, graphics, simple scalability, and blazing-fast connectivity to perform and collaborate at the speed of creativity.","imageUrl":"1800","attributes":[{"attributeName":"CUSTOMIZATION","attributeValue":"Business","showInFilter":false},{"attributeName":"DISPLAY","attributeValue":"17.3 inch diagonal LED-backlit FHD WVA anti-glare (1920 x 1080)","showInFilter":true},{"attributeName":"PROCESSOR","attributeValue":"Intel® Core™ i7-4710MQ with Intel HD Graphics 4600 (2.5 GHz, up to 3.5 GHz with Intel Turbo Boost Technology, 6 MB cache, 4 cores)","showInFilter":true},{"attributeName":"DISPLAY SIZE","attributeValue":"17.3","showInFilter":false},{"attributeName":"DISPLAY RESOLUTION","attributeValue":"1920x1080","showInFilter":false},{"attributeName":"OPERATING SYSTEM","attributeValue":"Windows 7 Professional 64","showInFilter":true},{"attributeName":"MEMORY","attributeValue":"8 GB 1600 MHz DDR3L SDRAM (2 x 4 GB)","showInFilter":false},{"attributeName":"WEIGHT","attributeValue":"7.42 lb","showInFilter":true},{"attributeName":"TOUCHSCREEN","attributeValue":"No","showInFilter":false}],"colors":[{"code":"414141","name":"BLACK","inStock":10},{"code":"C3C3C3","name":"GRAY","inStock":10}],"images":["ABCDEF##1802","ABCDEF##1803","ABCDEF##1800","ABCDEF##1801"],"productStatus":"Active"}],"colors":["414141","3683D1","545195","C3C3C3","DD3A5B","FFFFFF","FCC23D"]},{"categoryId":2,"categoryName":"HEADPHONES","categoryImageId":"1234","promotedProduct":{"id":13,"staringPrice":"200","promotionHeader":"FEEL YOUR MUSIC","promotionSubHeader":"Lighter, stronger and more confortable","productName":"Bose SoundLink Around-ear Wireless Headphones II","price":279.95,"description":"Wireless freedom meets best-in-class sound.","imageUrl":"2300","attributes":[{"attributeName":"WEIGHT","attributeValue":"0.15 lb"},{"attributeName":"COMPATIBILITY","attributeValue":"Compatible with most notebook PCs, netbooks, tablets, mobile phones, and MP3 players with BlueTooth support."},{"attributeName":"CONNECTOR","attributeValue":"BlueTooth"}]},"attributes":[{"attributeName":"CONNECTOR","attributeValues":["Jack 3.5 mm","BlueTooth"]},{"attributeName":"COMPATIBILITY","attributeValues":["Compatible with most notebook PCs, netbooks, tablets, mobile phones, and MP3 players with BlueTooth support.","Compatible with most notebook PCs, netbooks, tablets, mobile phones, and MP3 players with a 3.5 mm port available.","Compatible across all devices having 3.5 mm audio connector (Smart phone compatibility may vary)."]},{"attributeName":"WEIGHT","attributeValues":["0.15 lb","0.07 lb","0.57 lb"]}],"products":[{"productId":15,"categoryId":2,"productName":"Beats Studio 2 Over-Ear Matte Black Headphones","price":179.99,"description":"The world’s most famous headphone has been completely redesigned and reimagined. The new Beats Studio® is lighter, sexier, stronger, and more comfortable, with precision sound, Adaptive Noise Canceling, a 20-hour rechargeable battery, and RemoteTalk™. It has all the energy and excitement you expect from Beats, plus a powerful, reengineered sound.","imageUrl":"2200","attributes":[{"attributeName":"CONNECTOR","attributeValue":"Jack 3.5 mm","showInFilter":true},{"attributeName":"COMPATIBILITY","attributeValue":"Compatible across all devices having 3.5 mm audio connector (Smart phone compatibility may vary).","showInFilter":true},{"attributeName":"WEIGHT","attributeValue":"0.57 lb","showInFilter":true}],"colors":[{"code":"414141","name":"BLACK","inStock":10}],"images":["414141##2201","414141##2200"],"productStatus":"Active"},{"productId":13,"categoryId":2,"productName":"Bose SoundLink Around-ear Wireless Headphones II","price":279.95,"description":"Wireless freedom meets best-in-class sound.","imageUrl":"2300","attributes":[{"attributeName":"WEIGHT","attributeValue":"0.15 lb","showInFilter":true},{"attributeName":"CONNECTOR","attributeValue":"BlueTooth","showInFilter":true},{"attributeName":"COMPATIBILITY","attributeValue":"Compatible with most notebook PCs, netbooks, tablets, mobile phones, and MP3 players with BlueTooth support.","showInFilter":true}],"colors":[{"code":"414141","name":"BLACK","inStock":0},{"code":"55CDD5","name":"TURQUOISE","inStock":0}],"images":["ABCDEF##2301","ABCDEF##2300"],"productStatus":"OutOfStock"},{"productId":14,"categoryId":2,"productName":"Logitech USB Headset H390","price":39.99,"description":"Features on this product will exceeded your expectations.","imageUrl":"2400","attributes":[{"attributeName":"COMPATIBILITY","attributeValue":"Compatible with most notebook PCs, netbooks, tablets, mobile phones, and MP3 players with a 3.5 mm port available.","showInFilter":true},{"attributeName":"CONNECTOR","attributeValue":"Jack 3.5 mm","showInFilter":true},{"attributeName":"WEIGHT","attributeValue":"0.07 lb","showInFilter":true}],"colors":[{"code":"414141","name":"BLACK","inStock":10},{"code":"FCC23D","name":"YELLOW","inStock":10},{"code":"55CDD5","name":"TURQUOISE","inStock":10}],"images":["ABCDEF##2400"],"productStatus":"Active"}],"colors":["414141","55CDD5","FCC23D"]},{"categoryId":3,"categoryName":"TABLETS","categoryImageId":"1236","promotedProduct":{"id":16,"staringPrice":"1429","promotionHeader":"TRAVEL CONFIDENTLY AND IN STYLE","promotionSubHeader":"Built for durability and mobility","productName":"HP ElitePad 1000 G2 Tablet","price":1009.0,"description":"More than a tablet—a total business solution. The elegant and sleek HP ElitePad 1000 G2 has the performance and flexibility to transform the way you work. Redefine productivity and stay light with the confidence of the leading manageability, security, and support you expect from HP.","imageUrl":"3100","attributes":[{"attributeName":"GRAPHICS","attributeValue":"Intel HD Graphics"},{"attributeName":"PROCESSOR","attributeValue":"Intel® Atom® Z3795 (1.6 GHz, up to 2.39 GHz using Intel Burst Technology, 2 MB cache, 4 cores)"},{"attributeName":"MEMORY","attributeValue":"4 GB 1067 MHz LPDDR3 SDRAM"},{"attributeName":"OPERATING SYSTEM","attributeValue":"Windows 8.1 Pro 64"},{"attributeName":"DISPLAY","attributeValue":"10.1\" diagonal WXGA UWVA (1900 x 1200), capacitive multi-touch screen with digitizer, Corning® Gorilla® Glass 3 with anti-smudge coating"}]},"attributes":[{"attributeName":"GRAPHICS","attributeValues":["Intel® HD Graphics 5300","Intel HD Graphics","Intel® HD Graphics"]},{"attributeName":"OPERATING SYSTEM","attributeValues":["Windows 8.1 Pro 64"]},{"attributeName":"PROCESSOR","attributeValues":["Intel® Core™ M-5Y71 with Intel HD Graphics 5300 (1.2 GHz, up to 2.9 GHz with Intel Turbo Boost Technology, 4 MB cache, 2 cores)","Intel® Atom™ x5-Z8500 with Intel HD Graphics (1.44 GHz, up to 2.24 GHz using Intel Burst Technology, 2 MB cache, 4 cores)","Intel® Atom® Z3795 (1.6 GHz, up to 2.39 GHz using Intel Burst Technology, 2 MB cache, 4 cores)"]},{"attributeName":"MEMORY","attributeValues":["8 GB 1600 MHz LPDDR3 SDRAM (onboard)","4 GB 1067 MHz LPDDR3 SDRAM","2 GB LPDDR3-1600 SDRAM"]},{"attributeName":"DISPLAY","attributeValues":["11.6\" diagonal FHD BrightView eDP ultra-slim LED-backlit touch screen (1920 x 1080)","7.9\" diagonal FHD multi-touch display with Corning® Gorilla® Glass® (2048 x 1536)","10.1\" diagonal WXGA UWVA (1900 x 1200), capacitive multi-touch screen with digitizer, Corning® Gorilla® Glass 3 with anti-smudge coating"]}],"products":[{"productId":16,"categoryId":3,"productName":"HP ElitePad 1000 G2 Tablet","price":1009.0,"description":"More than a tablet—a total business solution. The elegant and sleek HP ElitePad 1000 G2 has the performance and flexibility to transform the way you work. Redefine productivity and stay light with the confidence of the leading manageability, security, and support you expect from HP.","imageUrl":"3100","attributes":[{"attributeName":"PROCESSOR","attributeValue":"Intel® Atom® Z3795 (1.6 GHz, up to 2.39 GHz using Intel Burst Technology, 2 MB cache, 4 cores)","showInFilter":true},{"attributeName":"DISPLAY","attributeValue":"10.1\" diagonal WXGA UWVA (1900 x 1200), capacitive multi-touch screen with digitizer, Corning® Gorilla® Glass 3 with anti-smudge coating","showInFilter":true},{"attributeName":"GRAPHICS","attributeValue":"Intel HD Graphics","showInFilter":false},{"attributeName":"OPERATING SYSTEM","attributeValue":"Windows 8.1 Pro 64","showInFilter":false},{"attributeName":"MEMORY","attributeValue":"4 GB 1067 MHz LPDDR3 SDRAM","showInFilter":false}],"colors":[{"code":"414141","name":"BLUE","inStock":10},{"code":"C3C3C3","name":"GRAY","inStock":10}],"images":["ABCDEF##3103","ABCDEF##3102","ABCDEF##3101","ABCDEF##3100"],"productStatus":"Active"},{"productId":17,"categoryId":3,"productName":"HP Elite x2 1011 G1 Tablet","price":1279.0,"description":"Ultrabook™[2] Power\nPower up for ultimate power with Windows 8.1,[1] 5th Gen Intel® Core™ M processors,[4] with optional vPro™[5] and long battery life provided by dual tablet and keyboard base batteries.","imageUrl":"3200","attributes":[{"attributeName":"GRAPHICS","attributeValue":"Intel® HD Graphics 5300","showInFilter":false},{"attributeName":"OPERATING SYSTEM","attributeValue":"Windows 8.1 Pro 64","showInFilter":false},{"attributeName":"DISPLAY","attributeValue":"11.6\" diagonal FHD BrightView eDP ultra-slim LED-backlit touch screen (1920 x 1080)","showInFilter":true},{"attributeName":"MEMORY","attributeValue":"8 GB 1600 MHz LPDDR3 SDRAM (onboard)","showInFilter":false},{"attributeName":"PROCESSOR","attributeValue":"Intel® Core™ M-5Y71 with Intel HD Graphics 5300 (1.2 GHz, up to 2.9 GHz with Intel Turbo Boost Technology, 4 MB cache, 2 cores)","showInFilter":true}],"colors":[{"code":"C3C3C3","name":"GRAY","inStock":10},{"code":"414141","name":"BLACK","inStock":10}],"images":["ABCDEF##3201","ABCDEF##3202","ABCDEF##3200"],"productStatus":"Active"},{"productId":18,"categoryId":3,"productName":"HP Pro Tablet 608 G1","price":479.0,"description":"Transform your business with this small stylish business tablet equipped with a brilliant, high definition display and the pervasive connectivity to mobilize nearly any business process. Choose from an expansive choice of accessories[2] for a customized experience.","imageUrl":"3300","attributes":[{"attributeName":"OPERATING SYSTEM","attributeValue":"Windows 8.1 Pro 64","showInFilter":false},{"attributeName":"GRAPHICS","attributeValue":"Intel® HD Graphics","showInFilter":false},{"attributeName":"DISPLAY","attributeValue":"7.9\" diagonal FHD multi-touch display with Corning® Gorilla® Glass® (2048 x 1536)","showInFilter":true},{"attributeName":"MEMORY","attributeValue":"2 GB LPDDR3-1600 SDRAM","showInFilter":false},{"attributeName":"PROCESSOR","attributeValue":"Intel® Atom™ x5-Z8500 with Intel HD Graphics (1.44 GHz, up to 2.24 GHz using Intel Burst Technology, 2 MB cache, 4 cores)","showInFilter":true}],"colors":[{"code":"C3C3C3","name":"GRAY","inStock":10},{"code":"414141","name":"BLACK","inStock":10}],"images":["ABCDEF##3300","ABCDEF##3303","ABCDEF##3301","ABCDEF##3302"],"productStatus":"Active"}],"colors":["414141","C3C3C3"]},{"categoryId":4,"categoryName":"SPEAKERS","categoryImageId":"1237","promotedProduct":{"id":19,"staringPrice":"200","promotionHeader":"ENJOY PREMIUM SOUND","promotionSubHeader":"Colorful style meets serious sound","productName":"HP S9500 Bluetooth Wireless Speaker","price":200.0,"description":"Impress … everyone! Futuristic design with perforated steel formed into subtle angles. Requiring only minimal space, this speaker is the ideal complement to any setting.","imageUrl":"4100","attributes":[{"attributeName":"WIRELESS TECHNOLOGY","attributeValue":"Bluetooh®"},{"attributeName":"MANUFACTURER","attributeValue":"HP"},{"attributeName":"COMPATIBILITY","attributeValue":"Any device that has bluetooth enabled"},{"attributeName":"CONNECTOR","attributeValue":"Wireless"},{"attributeName":"WEIGHT","attributeValue":"1.95 lb"}]},"attributes":[{"attributeName":"DISPLAY","attributeValues":["sdadd"]},{"attributeName":"CONNECTOR","attributeValues":["Wireless"]},{"attributeName":"COMPATIBILITY","attributeValues":["Any device that has bluetooth enabled or a 3.5 mm audio connector.","Any device that has bluetooth enabled"]},{"attributeName":"WEIGHT","attributeValues":["1.95 lb","0.55 lb","1.26 lb","1.1 lb","1.25 lb","1.0 lb"]},{"attributeName":"WIRELESS TECHNOLOGY","attributeValues":["Bluetooh®","Bluetooth®"]},{"attributeName":"MANUFACTURER","attributeValues":["Bose","Logitech","HP"]}],"products":[{"productId":25,"categoryId":4,"productName":"Bose SoundLink Wireless Speaker","price":129.0,"description":"If music is your motivation, wait until you hear the SoundLink® Color Bluetooth speaker. It plays your favorite tunes from your favorite Bluetooth device-out loud in clear, full audio-just about anywhere you want to go. It's small, durable and simple to use. And it comes in a spectrum of colors to match almost any style.","imageUrl":"4700","attributes":[{"attributeName":"DISPLAY","attributeValue":"sdadd","showInFilter":false},{"attributeName":"WIRELESS TECHNOLOGY","attributeValue":"Bluetooh®","showInFilter":true},{"attributeName":"MANUFACTURER","attributeValue":"Bose","showInFilter":true},{"attributeName":"WEIGHT","attributeValue":"1.25 lb","showInFilter":true},{"attributeName":"CONNECTOR","attributeValue":"Wireless","showInFilter":true},{"attributeName":"COMPATIBILITY","attributeValue":"Any device that has bluetooth enabled or a 3.5 mm audio connector.","showInFilter":true}],"colors":[{"code":"DD3A5B","name":"RED","inStock":10},{"code":"414141","name":"BLACK","inStock":10},{"code":"55CDD5","name":"TURQUOISE","inStock":10},{"code":"3683D1","name":"BLUE","inStock":10}],"images":["DD3A5B##4702","414141##4701","3683D1##4704","55CDD5##4700"],"productStatus":"Active"},{"productId":24,"categoryId":4,"productName":"HP Roar Mini Wireless Speaker","price":44.99,"description":"Attention-getting design, color, and sound - the HP Roar Mini Wireless Speaker. Exceptional size-defying audio while streaming music and calls from a distinctively compact speaker.","imageUrl":"4600","attributes":[{"attributeName":"WEIGHT","attributeValue":"0.55 lb","showInFilter":true},{"attributeName":"MANUFACTURER","attributeValue":"HP","showInFilter":true},{"attributeName":"COMPATIBILITY","attributeValue":"Any device that has bluetooth enabled or a 3.5 mm audio connector.","showInFilter":true},{"attributeName":"WIRELESS TECHNOLOGY","attributeValue":"Bluetooh®","showInFilter":true},{"attributeName":"CONNECTOR","attributeValue":"Wireless","showInFilter":true}],"colors":[{"code":"414141","name":"BLACK","inStock":10},{"code":"C3C3C3","name":"GRAY","inStock":10},{"code":"DD3A5B","name":"RED","inStock":10},{"code":"FCC23D","name":"YELLOW","inStock":10}],"images":["FCC23D##4601","414141##4602","DD3A5B##4600","C3C3C3##4603"],"productStatus":"Active"},{"productId":21,"categoryId":4,"productName":"HP Roar Plus Wireless Speaker","price":169.99,"description":"Showcase your music anywhere with the ease of wireless Bluetooth® connectivity.","imageUrl":"4300","attributes":[{"attributeName":"WEIGHT","attributeValue":"1.26 lb","showInFilter":true},{"attributeName":"CONNECTOR","attributeValue":"Wireless","showInFilter":true},{"attributeName":"MANUFACTURER","attributeValue":"HP","showInFilter":true},{"attributeName":"WIRELESS TECHNOLOGY","attributeValue":"Bluetooth®","showInFilter":true},{"attributeName":"COMPATIBILITY","attributeValue":"Any device that has bluetooth enabled","showInFilter":true}],"colors":[{"code":"414141","name":"BLACK","inStock":10},{"code":"545195","name":"PURPLE","inStock":10},{"code":"3683D1","name":"BLUE","inStock":10}],"images":["3683D1##4301","3683D1##4300","414141##4304","545195##4308"],"productStatus":"Active"},{"productId":22,"categoryId":4,"productName":"HP Roar Wireless Speaker","price":84.99,"description":"Showcase your music anywhere with the ease of wireless Bluetooth® connectivity.","imageUrl":"4400","attributes":[{"attributeName":"CONNECTOR","attributeValue":"Wireless","showInFilter":true},{"attributeName":"COMPATIBILITY","attributeValue":"Any device that has bluetooth enabled","showInFilter":true},{"attributeName":"WEIGHT","attributeValue":"1.1 lb","showInFilter":true},{"attributeName":"MANUFACTURER","attributeValue":"HP","showInFilter":true},{"attributeName":"WIRELESS TECHNOLOGY","attributeValue":"Bluetooh®","showInFilter":true}],"colors":[{"code":"FFFFFF","name":"WHITE","inStock":10},{"code":"3683D1","name":"BLUE","inStock":10},{"code":"FCC23D","name":"YELLOW","inStock":10}],"images":["3683D1##4404","FFFFFF##4401","FFFFFF##4400","FCC23D##4408"],"productStatus":"Active"},{"productId":19,"categoryId":4,"productName":"HP S9500 Bluetooth Wireless Speaker","price":200.0,"description":"Impress … everyone! Futuristic design with perforated steel formed into subtle angles. Requiring only minimal space, this speaker is the ideal complement to any setting.","imageUrl":"4100","attributes":[{"attributeName":"COMPATIBILITY","attributeValue":"Any device that has bluetooth enabled","showInFilter":true},{"attributeName":"MANUFACTURER","attributeValue":"HP","showInFilter":true},{"attributeName":"WIRELESS TECHNOLOGY","attributeValue":"Bluetooh®","showInFilter":true},{"attributeName":"CONNECTOR","attributeValue":"Wireless","showInFilter":true},{"attributeName":"WEIGHT","attributeValue":"1.95 lb","showInFilter":true}],"colors":[{"code":"FFFFFF","name":"WHITE","inStock":10},{"code":"C3C3C3","name":"GRAY","inStock":10}],"images":["ABCDEF##4101","ABCDEF##4100"],"productStatus":"Active"},{"productId":23,"categoryId":4,"productName":"Logitech X100 Speaker System - Wireless Speaker(s)","price":49.99,"description":"Pump up the volume and enjoy crystal-clear sound from this mobile speaker. This portable speaker is perfect for life on-the-go. Take it on the road or relax and listen at home because this mobile speaker goes everywhere. Simple, intuitive design lets you wirelessly connect and stream music from your Bluetooth-enabled device from up to 30' away. Easily manage phone calls and volume control from your mobile phone. Enjoy five hours of continuous play before you need to recharge. Recharge the built-in, lithium-ion battery with the convenience of the included micro-USB cable.","imageUrl":"4500","attributes":[{"attributeName":"WEIGHT","attributeValue":"1.0 lb","showInFilter":true},{"attributeName":"CONNECTOR","attributeValue":"Wireless","showInFilter":true},{"attributeName":"WIRELESS TECHNOLOGY","attributeValue":"Bluetooh®","showInFilter":true},{"attributeName":"MANUFACTURER","attributeValue":"Logitech","showInFilter":true},{"attributeName":"COMPATIBILITY","attributeValue":"Any device that has bluetooth enabled","showInFilter":true}],"colors":[{"code":"414141","name":"BLACK","inStock":10}],"images":["414141##4500"],"productStatus":"Active"}],"colors":["414141","3683D1","545195","C3C3C3","DD3A5B","55CDD5","FFFFFF","FCC23D"]},{"categoryId":5,"categoryName":"MICE","categoryImageId":"1238","promotedProduct":{"id":28,"staringPrice":"29.99","promotionHeader":"DISCOVER OUR WIRELESS MICE","promotionSubHeader":"designed to work and ready to play","productName":"HP Z3200 Wireless Mouse","price":29.99,"description":"The HP Wireless Mouse Z3200 provides powerful Blue LED optical tracking. Its ambidextrous shape and familiar button controls are easy to use. Compact contoured control.","imageUrl":"5300","attributes":[{"attributeName":"SENSOR RESOLUTION","attributeValue":"1600 dpi optical sensor"},{"attributeName":"CONNECTOR","attributeValue":"Wireless"},{"attributeName":"TYPE","attributeValue":"Mouse"},{"attributeName":"SCROLLER TYPE","attributeValue":"Scroll Wheel"},{"attributeName":"MANUFACTURER","attributeValue":"HP"}]},"attributes":[{"attributeName":"CONNECTOR","attributeValues":["Wireless","USB Cord","Bluetooth®"]},{"attributeName":"SENSOR RESOLUTION","attributeValues":["1000 dpi optical sensor","N/A","1600 dpi","1600 dpi optical sensor","1000 dpi"]},{"attributeName":"TYPE","attributeValues":["Trackball","Mouse"]},{"attributeName":"MANUFACTURER","attributeValues":["Logitech","HP","Microsoft","Kensington"]},{"attributeName":"SCROLLER TYPE","attributeValues":["Scroll Whell","Scroll Ball","Scroll Wheel","Touch Scroll","Scroll Ring"]}],"products":[{"productId":29,"categoryId":5,"productName":"HP USB 3 Button Optical Mouse","price":9.99,"description":"Smooth and Accurate - The HP USB 3-Button Optical Mouse is the affordable desktop optical mouse solution that combines functionality with style","imageUrl":"5400","attributes":[{"attributeName":"CONNECTOR","attributeValue":"USB Cord","showInFilter":false},{"attributeName":"SCROLLER TYPE","attributeValue":"Scroll Whell","showInFilter":true},{"attributeName":"TYPE","attributeValue":"Mouse","showInFilter":false},{"attributeName":"MANUFACTURER","attributeValue":"HP","showInFilter":false},{"attributeName":"SENSOR RESOLUTION","attributeValue":"1000 dpi optical sensor","showInFilter":false}],"colors":[{"code":"414141","name":"BLACK","inStock":10}],"images":["414141##5400"],"productStatus":"Active"},{"productId":28,"categoryId":5,"productName":"HP Z3200 Wireless Mouse","price":29.99,"description":"The HP Wireless Mouse Z3200 provides powerful Blue LED optical tracking. Its ambidextrous shape and familiar button controls are easy to use. Compact contoured control.","imageUrl":"5300","attributes":[{"attributeName":"SENSOR RESOLUTION","attributeValue":"1600 dpi optical sensor","showInFilter":false},{"attributeName":"SCROLLER TYPE","attributeValue":"Scroll Wheel","showInFilter":true},{"attributeName":"TYPE","attributeValue":"Mouse","showInFilter":false},{"attributeName":"CONNECTOR","attributeValue":"Wireless","showInFilter":false},{"attributeName":"MANUFACTURER","attributeValue":"HP","showInFilter":false}],"colors":[{"code":"DD3A5B","name":"RED","inStock":10},{"code":"FFFFFF","name":"WHITE","inStock":10},{"code":"C3C3C3","name":"GRAY","inStock":10}],"images":["C3C3C3##custom_image_Test_0c7e730e-e8ce-43e7-99fa-f5e1d9c037e8","C3C3C3##5300","DD3A5B##5301","FFFFFF##5300","C3C3C3##5304","FFFFFF##5306","FFFFFF##5304"],"productStatus":"Active"},{"productId":27,"categoryId":5,"productName":"HP Z3600 Wireless Mouse","price":15.99,"description":"The tiny HP Wireless Mouse Z3600 provides stylish comfort and control for your mobile computing needs. With optical tracking, 3 button controls, and the freedom to connect up to 30ft (10m) away, this compact mouse provides oversized performance.","imageUrl":"5200","attributes":[{"attributeName":"SENSOR RESOLUTION","attributeValue":"N/A","showInFilter":false},{"attributeName":"TYPE","attributeValue":"Mouse","showInFilter":false},{"attributeName":"SCROLLER TYPE","attributeValue":"Scroll Whell","showInFilter":true},{"attributeName":"MANUFACTURER","attributeValue":"HP","showInFilter":false},{"attributeName":"CONNECTOR","attributeValue":"Wireless","showInFilter":false}],"colors":[{"code":"414141","name":"BLACK","inStock":10},{"code":"FFFFFF","name":"WHITE","inStock":10},{"code":"545195","name":"PURPLE","inStock":10},{"code":"3683D1","name":"BLUE","inStock":10}],"images":["ABCDEF##5201","545195##5206","FFFFFF##5206","3683D1##5203","ABCDEF##5200"],"productStatus":"Active"},{"productId":30,"categoryId":5,"productName":"HP Z4000 Wireless Mouse","price":9.99,"description":"The sleek and low-profiled design make the Z4000 the must-have companion to every thin notebook or tablet. Style and comfort within a dynamic ultra-mobile wireless mouse.","imageUrl":"5505","attributes":[{"attributeName":"MANUFACTURER","attributeValue":"HP","showInFilter":false},{"attributeName":"TYPE","attributeValue":"Mouse","showInFilter":false},{"attributeName":"CONNECTOR","attributeValue":"Wireless","showInFilter":false},{"attributeName":"SCROLLER TYPE","attributeValue":"Scroll Whell","showInFilter":true},{"attributeName":"SENSOR RESOLUTION","attributeValue":"N/A","showInFilter":false}],"colors":[{"code":"545195","name":"PURPLE","inStock":10},{"code":"3683D1","name":"BLUE","inStock":10},{"code":"DD3A5B","name":"RED","inStock":10}],"images":["DD3A5B##5505","DD3A5B##5504","3683D1##5506","545195##5501"],"productStatus":"Active"},{"productId":33,"categoryId":5,"productName":"HP Z8000 Bluetooth Mouse","price":50.99,"description":"The exquisite HP Z8000 Bluetooth Mouse is only 18mm (.7in) height, saves power with Bluetooth® Low Energy connectivity, and provides effortless capacitive touch control. The future is here.","imageUrl":"5800","attributes":[{"attributeName":"SCROLLER TYPE","attributeValue":"Touch Scroll","showInFilter":true},{"attributeName":"SENSOR RESOLUTION","attributeValue":"1600 dpi","showInFilter":false},{"attributeName":"MANUFACTURER","attributeValue":"HP","showInFilter":false},{"attributeName":"TYPE","attributeValue":"Mouse","showInFilter":false},{"attributeName":"CONNECTOR","attributeValue":"Bluetooth®","showInFilter":false}],"colors":[{"code":"C3C3C3","name":"GRAY","inStock":10},{"code":"414141","name":"BLACK","inStock":10}],"images":["ABCDEF##5800","ABCDEF##5801","ABCDEF##5802"],"productStatus":"Active"},{"productId":32,"categoryId":5,"productName":"Kensington Orbit 72337 Trackball with Scroll Ring","price":39.99,"description":"All-day comfort and scrolling come together in the Kensington Orbit Trackball with Scroll Ring. The scroll ring allows you to fly through web pages and documents. And all while delivering comfort and space savings no mouse can match.","imageUrl":"5700","attributes":[{"attributeName":"CONNECTOR","attributeValue":"USB Cord","showInFilter":false},{"attributeName":"SCROLLER TYPE","attributeValue":"Scroll Ring","showInFilter":true},{"attributeName":"MANUFACTURER","attributeValue":"Kensington","showInFilter":false},{"attributeName":"TYPE","attributeValue":"Trackball","showInFilter":false},{"attributeName":"SENSOR RESOLUTION","attributeValue":"N/A","showInFilter":false}],"colors":[{"code":"3683D1","name":"BLUE","inStock":10},{"code":"414141","name":"BLACK","inStock":10}],"images":["414141##5700"],"productStatus":"Active"},{"productId":26,"categoryId":5,"productName":"Kensington Orbit 72352 Trackball","price":59.99,"description":"The Kensington Orbit Wireless Mobile Trackball offers a precise, compact and versatile experience with a centered-ball design. With no wires to tie you down, the 2.4 GHz wireless with storable nano receiver works wherever you do -- at your home or office. And the unique touch scrolling lets you glide effortlessly through web pages and documents.","imageUrl":"5100","attributes":[{"attributeName":"SENSOR RESOLUTION","attributeValue":"N/A","showInFilter":false},{"attributeName":"TYPE","attributeValue":"Trackball","showInFilter":false},{"attributeName":"MANUFACTURER","attributeValue":"Kensington","showInFilter":false},{"attributeName":"CONNECTOR","attributeValue":"Wireless","showInFilter":false},{"attributeName":"SCROLLER TYPE","attributeValue":"Scroll Ball","showInFilter":true}],"colors":[{"code":"C3C3C3","name":"GRAY","inStock":10},{"code":"DD3A5B","name":"RED","inStock":10}],"images":["ABCDEF##5100"],"productStatus":"Active"},{"productId":31,"categoryId":5,"productName":"Logitech G502 Proteus Core","price":79.99,"description":"MAKE IT YOURS!\nProteus Core perfectly tuned by you.\nProteus Core allows you to change the weight, balance, and enables you to adapt to wherever you choose to play. Customize it to the way you game and make it yours!\n\nPERSONALLY-TUNED PERFORMANCE\nAdapts to your environment\nFine tune the optical sensor in Proteus Core to your playing surface for better accuracy, precision and responsiveness. A quick tuning process, and you are battle ready.","imageUrl":"5600","attributes":[{"attributeName":"SCROLLER TYPE","attributeValue":"Scroll Whell","showInFilter":true},{"attributeName":"CONNECTOR","attributeValue":"USB Cord","showInFilter":false},{"attributeName":"SENSOR RESOLUTION","attributeValue":"N/A","showInFilter":false},{"attributeName":"MANUFACTURER","attributeValue":"Logitech","showInFilter":false},{"attributeName":"TYPE","attributeValue":"Mouse","showInFilter":false}],"colors":[{"code":"3683D1","name":"BLUE","inStock":10},{"code":"414141","name":"BLACK","inStock":10}],"images":["ABCDEF##5600"],"productStatus":"Active"},{"productId":34,"categoryId":5,"productName":"Microsoft Sculpt Touch Mouse","price":49.99,"description":"Looking for a portable mouse that helps you get things done? Sculpt Touch Mouse saves time in long documents and works virtually anywhere, with no cables or transceivers to connect. And it's designed to fit comfortably in either hand.\nThe four-way touch scrolling pad on the Sculpt Touch Mouse lets you breeze up and down, left and right, and through windows and documents with just the swipe of your finger. While you scroll, you'll feel the nice surprise of tactile feedback. Sculpt Touch Mouse is also a powerful complement to Windows 8, navigating fluidly and intuitively around the Start Screen.\n","imageUrl":"5900","attributes":[{"attributeName":"SENSOR RESOLUTION","attributeValue":"1000 dpi","showInFilter":false},{"attributeName":"SCROLLER TYPE","attributeValue":"Touch Scroll","showInFilter":true},{"attributeName":"TYPE","attributeValue":"Mouse","showInFilter":false},{"attributeName":"MANUFACTURER","attributeValue":"Microsoft","showInFilter":false},{"attributeName":"CONNECTOR","attributeValue":"Bluetooth®","showInFilter":false}],"colors":[{"code":"414141","name":"BLACK","inStock":10},{"code":"C3C3C3","name":"GRAY","inStock":10}],"images":["ABCDEF##5900"],"productStatus":"Active"}],"colors":["414141","545195","3683D1","C3C3C3","DD3A5B","FFFFFF"]}]