{
  "FilterHeaders": [
    {
      "Header": "user-agent",
      "IncludeInScript": false
    },
    {
      "Header": "ua-cpu",
      "IncludeInScript": true
    },
    {
      "Header": "cache-control",
      "IncludeInScript": false
    },
    {
      "Header": "accept-language",
      "IncludeInScript": false
    },
    {
      "Header": "accept-encoding",
      "IncludeInScript": false
    },
    {
      "Header": "accept",
      "IncludeInScript": false
    }
  ],
  "FilterResources": [
    {
      "IsNonResource": true,
      "type": "text/xml"
    },
    {
      "IsNonResource": true,
      "type": "text/html"
    },
    {
      "IsNonResource": false,
      "type": "image/x-icon"
    },
    {
      "IsNonResource": false,
      "type": "application/octet-stream"
    }
  ],
  "GeneralInfo": {
    "BrowserVersion": "",
    "IsWinInetMode": false,
    "MaxUsedConnections": 8,
    "RecordedBrowser": "Internet Explorer",
    "RecordingDate": "Nov-13-2018",
    "RecordingDuration": 36000,
    "RecordingMode": "N/A",
    "RecordingTimeStamp": 1542119978,
    "RecordingType": "Browser",
    "TotalBytesReceived": 125090,
    "TotalBytesSent": 2072,
    "TotalRequests": 8,
    "UserAgent": "Mozilla/5.0 (Windows NT 6.3; WOW64; Trident/7.0; rv:11.0) like Gecko"
  },
  "HostInfo": [
    {
      "DomainName": "microsoft.com",
      "Domains": [
        {
          "HTTPVersion": "HTTP/1.1",
          "IP": "72.21.81.200",
          "IncludeInScript": true,
          "Name": "r20swj13mr.microsoft.com",
          "Port": 443,
          "Requests": [
            {
              "CompressionType": "",
              "DataType": "application/octet-stream",
              "DownloadTime": 47,
              "EventId": 288,
              "HttpStatus": 200,
              "Size": 16,
              "URL": "https://r20swj13mr.microsoft.com/ieblocklist/v1/urlblockindex.bin"
            }
          ],
          "SSLCipher": "ECDHE-RSA-AES256-SHA384",
          "SSLVersion": "TLS1.2"
        },
        {
          "HTTPVersion": "HTTP/1.1",
          "IP": "204.79.197.200",
          "IncludeInScript": true,
          "Name": "ieonline.microsoft.com",
          "Port": 443,
          "Requests": [
            {
              "CompressionType": "",
              "DataType": "text/xml",
              "DownloadTime": 63,
              "EventId": 181,
              "HttpStatus": 200,
              "Size": 90518,
              "URL": "https://ieonline.microsoft.com/ie/known_providers_download_v1.xml"
            }
          ],
          "SSLCipher": "ECDHE-RSA-AES128-SHA256",
          "SSLVersion": "TLS1.2"
        },
        {
          "HTTPVersion": "HTTP/1.1",
          "IP": "72.21.81.200",
          "IncludeInScript": true,
          "Name": "iecvlist.microsoft.com",
          "Port": 443,
          "Requests": [
            {
              "CompressionType": "gzip",
              "DataType": "text/xml",
              "DownloadTime": 78,
              "EventId": 299,
              "HttpStatus": 200,
              "Size": 33539,
              "URL": "https://iecvlist.microsoft.com/IE11/1479242656000/iecompatviewlist.xml"
            }
          ],
          "SSLCipher": "ECDHE-RSA-AES256-SHA384",
          "SSLVersion": "TLS1.2"
        },
        {
          "HTTPVersion": "HTTP/1.1",
          "IP": "184.85.173.227",
          "IncludeInScript": true,
          "Name": "go.microsoft.com",
          "Port": 443,
          "Requests": [
            {
              "CompressionType": "",
              "DataType": "",
              "DownloadTime": 46,
              "EventId": 160,
              "HttpStatus": 302,
              "Size": 0,
              "URL": "https://go.microsoft.com/fwlink/?LinkId=251136"
            }
          ],
          "SSLCipher": "ECDHE-RSA-AES256-SHA384",
          "SSLVersion": "TLS1.2"
        }
      ],
      "IncludeInScript": true
    },
    {
      "DomainName": "hpswdemoportal.com",
      "Domains": [
        {
          "HTTPVersion": "HTTP/1.1",
          "IP": "131.124.48.39",
          "IncludeInScript": true,
          "Name": "download.hpswdemoportal.com",
          "Port": 80,
          "Requests": [
            {
              "CompressionType": "",
              "DataType": "text/html",
              "DownloadTime": 234,
              "EventId": 45,
              "HttpStatus": 403,
              "Size": 306,
              "URL": "http://download.hpswdemoportal.com/landing.html"
            }
          ],
          "SSLCipher": "None",
          "SSLVersion": "None"
        }
      ],
      "IncludeInScript": true
    },
    {
      "DomainName": "bing.com",
      "Domains": [
        {
          "HTTPVersion": "HTTP/1.1",
          "IP": "204.79.197.200",
          "IncludeInScript": true,
          "Name": "www.bing.com",
          "Port": 443,
          "Requests": [
            {
              "CompressionType": "",
              "DataType": "image/x-icon",
              "DownloadTime": 63,
              "EventId": 141,
              "HttpStatus": 200,
              "Size": 237,
              "URL": "https://www.bing.com/favicon.ico"
            },
            {
              "CompressionType": "",
              "DataType": "image/x-icon",
              "DownloadTime": 62,
              "EventId": 129,
              "HttpStatus": 200,
              "Size": 237,
              "URL": "https://www.bing.com/favicon.ico"
            },
            {
              "CompressionType": "",
              "DataType": "image/x-icon",
              "DownloadTime": 62,
              "EventId": 127,
              "HttpStatus": 200,
              "Size": 237,
              "URL": "https://www.bing.com/favicon.ico"
            }
          ],
          "SSLCipher": "ECDHE-RSA-AES128-SHA256",
          "SSLVersion": "TLS1.2"
        }
      ],
      "IncludeInScript": true
    }
  ],
  "WebSocket": {
    "IncludeInScript": false,
    "IsScriptIncludeWebSocket": false
  },
  "NumberOfCorrelations": 0
}