{"schemaVersion":17,"addons":[{"id":"TruClient@tc.com","syncGUID":"{d919b716-5337-4af2-ac02-e668a067c213}","location":"app-profile","version":"2020","type":"extension","internalName":null,"updateURL":null,"updateKey":null,"optionsURL":null,"optionsType":null,"aboutURL":null,"icons":{},"iconURL":"chrome://TruClientUI/content/ui/images/tc_logo.png","icon64URL":null,"defaultLocale":{"name":"TruClient","description":"An advanced technology for modern JavaScript based applications (including Ajax) emulating user activity within a web browser.","creator":"Micro Focus","homepageURL":null},"visible":true,"active":true,"userDisabled":false,"appDisabled":false,"descriptor":"C:\\Program Files (x86)\\Micro Focus\\LoadRunner\\dat\\TCBProfile\\extensions\\TruClient@tc.com","installDate":1595460668778,"updateDate":1595460668778,"applyBackgroundUpdates":1,"bootstrap":false,"skinnable":false,"size":13650284,"sourceURI":null,"releaseNotesURI":null,"softDisabled":false,"foreignInstall":true,"hasBinaryComponents":true,"strictCompatibility":false,"locales":[],"targetApplications":[{"id":"{ec8030f7-c20a-464f-9b0e-13a3a9e97384}","minVersion":"40.0","maxVersion":"60.*.*"}],"targetPlatforms":[],"multiprocessCompatible":false,"signedState":0,"seen":true},{"id":"aushelper@mozilla.org","syncGUID":"{50cb5be7-0f08-4277-8627-7f8b139056c4}","location":"app-system-defaults","version":"1.0","type":"extension","internalName":null,"updateURL":null,"updateKey":null,"optionsURL":null,"optionsType":null,"aboutURL":null,"icons":{},"iconURL":null,"icon64URL":null,"defaultLocale":{"name":"Application Update Service Helper","description":"Sets value(s) in the update url based on custom checks.","creator":null,"homepageURL":null},"visible":true,"active":true,"userDisabled":false,"appDisabled":false,"descriptor":"C:\\Program Files (x86)\\Micro Focus\\LoadRunner\\bin\\truclientbrowser50\\browser\\features\\aushelper@mozilla.org.xpi","installDate":1558739376000,"updateDate":1558739376000,"applyBackgroundUpdates":1,"bootstrap":true,"skinnable":false,"size":5973,"sourceURI":null,"releaseNotesURI":null,"softDisabled":false,"foreignInstall":false,"hasBinaryComponents":false,"strictCompatibility":false,"locales":[],"targetApplications":[{"id":"{ec8030f7-c20a-464f-9b0e-13a3a9e97384}","minVersion":"50.0","maxVersion":"50.*"}],"targetPlatforms":[],"multiprocessCompatible":true,"seen":true},{"id":"e10srollout@mozilla.org","syncGUID":"{21f2f2ee-be77-4ae1-a8b6-86627514c93a}","location":"app-system-defaults","version":"1.5","type":"extension","internalName":null,"updateURL":null,"updateKey":null,"optionsURL":null,"optionsType":null,"aboutURL":null,"icons":{},"iconURL":null,"icon64URL":null,"defaultLocale":{"name":"Multi-process staged rollout","description":"Staged rollout of Firefox multi-process feature.","creator":null,"homepageURL":null},"visible":true,"active":true,"userDisabled":false,"appDisabled":false,"descriptor":"C:\\Program Files (x86)\\Micro Focus\\LoadRunner\\bin\\truclientbrowser50\\browser\\features\\e10srollout@mozilla.org.xpi","installDate":1558739376000,"updateDate":1558739376000,"applyBackgroundUpdates":1,"bootstrap":true,"skinnable":false,"size":7208,"sourceURI":null,"releaseNotesURI":null,"softDisabled":false,"foreignInstall":false,"hasBinaryComponents":false,"strictCompatibility":false,"locales":[],"targetApplications":[{"id":"{ec8030f7-c20a-464f-9b0e-13a3a9e97384}","minVersion":"50.0","maxVersion":"50.*"}],"targetPlatforms":[],"multiprocessCompatible":false,"seen":true},{"id":"firefox@getpocket.com","syncGUID":"{c2743891-8742-4e38-a736-f6208b49bc7f}","location":"app-system-defaults","version":"1.0.5","type":"extension","internalName":null,"updateURL":null,"updateKey":null,"optionsURL":null,"optionsType":null,"aboutURL":null,"icons":{},"iconURL":null,"icon64URL":null,"defaultLocale":{"name":"Pocket","description":"When you find something you want to view later, put it in Pocket.","creator":null,"homepageURL":null},"visible":true,"active":true,"userDisabled":false,"appDisabled":false,"descriptor":"C:\\Program Files (x86)\\Micro Focus\\LoadRunner\\bin\\truclientbrowser50\\browser\\features\\firefox@getpocket.com.xpi","installDate":1558739378000,"updateDate":1558739378000,"applyBackgroundUpdates":1,"bootstrap":true,"skinnable":false,"size":916925,"sourceURI":null,"releaseNotesURI":null,"softDisabled":false,"foreignInstall":false,"hasBinaryComponents":false,"strictCompatibility":false,"locales":[],"targetApplications":[{"id":"{ec8030f7-c20a-464f-9b0e-13a3a9e97384}","minVersion":"50.0","maxVersion":"50.*"}],"targetPlatforms":[],"multiprocessCompatible":false,"seen":true},{"id":"webcompat@mozilla.org","syncGUID":"{e2155f21-ad1e-46f9-ba65-41ea35d90899}","location":"app-system-defaults","version":"1.0","type":"extension","internalName":null,"updateURL":null,"updateKey":null,"optionsURL":null,"optionsType":null,"aboutURL":null,"icons":{},"iconURL":null,"icon64URL":null,"defaultLocale":{"name":"Web Compat","description":"Urgent post-release fixes for web compatibility.","creator":null,"homepageURL":null},"visible":true,"active":true,"userDisabled":false,"appDisabled":false,"descriptor":"C:\\Program Files (x86)\\Micro Focus\\LoadRunner\\bin\\truclientbrowser50\\browser\\features\\webcompat@mozilla.org.xpi","installDate":1558739378000,"updateDate":1558739378000,"applyBackgroundUpdates":1,"bootstrap":true,"skinnable":false,"size":1500,"sourceURI":null,"releaseNotesURI":null,"softDisabled":false,"foreignInstall":false,"hasBinaryComponents":false,"strictCompatibility":false,"locales":[],"targetApplications":[{"id":"{ec8030f7-c20a-464f-9b0e-13a3a9e97384}","minVersion":"50.0","maxVersion":"50.*"}],"targetPlatforms":[],"multiprocessCompatible":false,"seen":true},{"id":"{972ce4c6-7e08-4474-a285-3208198ce6fd}","syncGUID":"{dbc75fea-4ed2-44bd-9543-0d5072135d83}","location":"app-global","version":"50.0","type":"theme","internalName":"classic/1.0","updateURL":null,"updateKey":null,"optionsURL":null,"optionsType":null,"aboutURL":null,"icons":{"32":"icon.png","48":"icon.png"},"iconURL":null,"icon64URL":null,"defaultLocale":{"name":"Default","description":"The default theme.","creator":"Mozilla","homepageURL":null,"contributors":["Mozilla Contributors"]},"visible":true,"active":true,"userDisabled":false,"appDisabled":false,"descriptor":"C:\\Program Files (x86)\\Micro Focus\\LoadRunner\\bin\\truclientbrowser50\\browser\\extensions\\{972ce4c6-7e08-4474-a285-3208198ce6fd}.xpi","installDate":1558739376000,"updateDate":1558739376000,"applyBackgroundUpdates":1,"skinnable":true,"size":21146,"sourceURI":null,"releaseNotesURI":null,"softDisabled":false,"foreignInstall":false,"hasBinaryComponents":false,"strictCompatibility":true,"locales":[],"targetApplications":[{"id":"{ec8030f7-c20a-464f-9b0e-13a3a9e97384}","minVersion":"50.0","maxVersion":"50.0"}],"targetPlatforms":[],"seen":true}]}