﻿<?xml version="1.0"?>
<!DOCTYPE Report
[
<!ELEMENT Report (General ,(Doc|BPT)) >
<!ATTLIST Report ver CDATA #REQUIRED tmZone CDATA #REQUIRED>

<!ELEMENT General ( DocLocation ) >
<!ATTLIST General productName CDATA #REQUIRED productVer CDATA #REQUIRED os CDATA #REQUIRED host CDATA #REQUIRED qcserver CDATA #IMPLIED qcproject CDATA #IMPLIED SolManSolutionId CDATA #IMPLIED SolManProjectId CDATA #IMPLIED SolManTestPlanId CDATA #IMPLIED SolManTestPackageId CDATA #IMPLIED SolManUserInfoData CDATA #IMPLIED  >

<!ELEMENT BPT (DName,Res,DVer?,TSet?,TInst?,NodeArgs,AdditionalInfo*,Doc*) >
<!ATTLIST BPT rID ID #REQUIRED >

<!ELEMENT Doc (DName,ConfName?,Res,DVer?,TSet?,TInst?,RunType?,DT?,AdditionalInfo*,Step*,DIter*,Step*,Action*,Doc*,Summary?,TestMaintenanceSummary*,NodeArgs?) >
<!ATTLIST Doc rID ID #REQUIRED type (Test|BC|BPTWrapperTest|Flow|Group|Action) "Test" productName CDATA #REQUIRED BCIter CDATA #IMPLIED >

<!ELEMENT RunType ( #PCDATA )>
<!ATTLIST RunType fmStep (False|True) "False" batch (False|True) "False" upDesc (False|True) "False" upChk (False|True) "False" upAS (False|True) "False">

<!ELEMENT DName ( #PCDATA ) >

<!ELEMENT ConfName ( #PCDATA ) >

<!ELEMENT Res ( #PCDATA ) >

<!ELEMENT AdditionalInfo (AdditionalDataName,AdditionalDataValue ) >

<!ELEMENT AdditionalDataName ( #PCDATA ) >

<!ELEMENT AdditionalDataValue ( #PCDATA ) >

<!ELEMENT DVer ( #PCDATA ) >

<!ELEMENT TSet ( #PCDATA ) >

<!ELEMENT TInst ( #PCDATA ) >

<!ELEMENT DIter (Step*,Action+,Summary?,NodeArgs)>
<!ATTLIST DIter rID ID #REQUIRED iterID CDATA #REQUIRED>

<!ELEMENT DocLocation ( #PCDATA )>

<!ELEMENT Action (AName,AIter*,(Step|HtmlStep|Action)*, Summary,ActionMaintenanceSummary*, NodeArgs ) >
<!ATTLIST Action rID ID #REQUIRED>

<!ELEMENT AIter ((Step|HtmlStep|Action)*,DataMapping?, Summary?,NodeArgs) >
<!ATTLIST AIter rID ID #REQUIRED iterID CDATA #REQUIRED isCountable (False|True) "False" >

<!ELEMENT AName ( #PCDATA ) >

<!ELEMENT TestMaintenanceSummary (ActionMaintenanceSummary*) >
<!ATTLIST TestMaintenanceSummary ObjectsAdded CDATA #REQUIRED ObjectsUpdated CDATA #REQUIRED StepsUpdated CDATA #REQUIRED StepsComments CDATA #REQUIRED><!ELEMENT ActionMaintenanceSummary (ObjectChange* ) >
<!ATTLIST ActionMaintenanceSummary Action CDATA #REQUIRED Objects CDATA #REQUIRED Updated CDATA #REQUIRED LinesTotal CDATA #REQUIRED Added CDATA #REQUIRED LinesUpdated CDATA #REQUIRED>

<!ELEMENT ObjectChange  (Hierarchy, PropertyChangeList* ) >
<!ATTLIST ObjectChange Operation CDATA #IMPLIED OriginalRepository CDATA #IMPLIED>

<!ELEMENT PropertyChangeList (PropertyDef*) >

<!ELEMENT PropertyDef (OriginalValue, NewValue) >
<!ATTLIST PropertyDef PropName CDATA #REQUIRED OriginRegularExpression (True|False) "False" NewRegularExpression (True|False) "False" AddedProperty (True|False) "False" >

<!ELEMENT OriginalValue ( #PCDATA )>

<!ELEMENT NewValue ( #PCDATA )>

<!ELEMENT Hierarchy  (ObjectName, Hierarchy*) >
<!ATTLIST Hierarchy MicClass CDATA #REQUIRED>

<!ELEMENT ObjectName  ( #PCDATA ) >

<!ELEMENT Step (Obj,Details,Time,TimeTick* ,(Step|HtmlStep|Doc)*, DataMapping?, NodeArgs) >
<!ATTLIST Step rID ID #REQUIRED retval CDATA #IMPLIED>

<!ELEMENT HtmlStep (HTML,TimeTick*,(Step|HtmlStep|Doc)*,NodeArgs) >
<!ATTLIST HtmlStep rID ID #REQUIRED >

<!ELEMENT Obj ( #PCDATA ) >
<!ATTLIST Obj plainTxt (False|True) "True">

<!ELEMENT Details ( #PCDATA ) >
<!ATTLIST Details plainTxt (False|True) "True">

<!ELEMENT Time ( #PCDATA ) >

<!ELEMENT HTML ( #PCDATA ) >

<!ELEMENT Disp ( #PCDATA ) >

<!ELEMENT TimeTick ( #PCDATA ) >

<!ELEMENT DataMapping ( DataMappedItem* )>
<!ELEMENT DataMappedItem EMPTY >
<!ATTLIST DataMappedItem dsName CDATA #REQUIRED >
<!ATTLIST DataMappedItem rowId CDATA #REQUIRED >

<!ELEMENT NodeArgs (Disp,TopPane?,BtmPane?,ExtendedInfo? )>
<!ATTLIST NodeArgs eType CDATA #REQUIRED icon CDATA #REQUIRED nRep CDATA #REQUIRED UserNote CDATA #IMPLIED filter (False|True) "True">
<!ATTLIST NodeArgs status (Passed|Failed|Done|Warning|Information) "Done">
<!ATTLIST NodeArgs iconSel CDATA #IMPLIED nType CDATA #IMPLIED MovieMarker CDATA "">
<!ATTLIST NodeArgs Source CDATA #IMPLIED SourceLine CDATA #IMPLIED StepFlowItemKey CDATA #IMPLIED >

<!ELEMENT TopPane (Path)>

<!ELEMENT BtmPane ( (Path|WR)?,ASHilite?)>
<!ATTLIST BtmPane vType CDATA "HTML">

<!ELEMENT Path ( #PCDATA ) >

<!ELEMENT ASHilite ( #PCDATA ) >

<!ELEMENT WR ( #PCDATA ) >

<!ELEMENT ExtendedInfo ( StepData ) >

<!ATTLIST ExtendedInfo StepType CDATA #REQUIRED>
<!ELEMENT DT (NodeArgs) >
<!ATTLIST DT rID ID #REQUIRED>

<!ELEMENT Summary (Param*)>
<!ATTLIST Summary sTime CDATA #IMPLIED eTime CDATA #IMPLIED passed CDATA #IMPLIED failed CDATA #IMPLIED warnings CDATA #IMPLIED retval CDATA #IMPLIED stopped (False|True) "False" >

<!ELEMENT Param (ParamName,ParamVal)+ >
<!ATTLIST Param paramInOut (In|Out) "In">

<!ELEMENT ParamName ( #PCDATA ) >

<!ELEMENT ParamVal ( #PCDATA ) >

]
>
<Report ver="2.0" tmZone="Coordinated Universal Time">
<General productName="Vugen" productVer="12" os="" host="ADM-HOST_1"><DocLocation><![CDATA[C:\Users\Administrator\Documents\VuGen\Scripts\Full_Purchase_AOS_TC]]></DocLocation></General>
<Doc rID="T1"   productName= "Vugen"  >
<DName><![CDATA[Full_Purchase_AOS_TC]]></DName>
<Res><![CDATA[result1]]></Res>
<Action rID="T2">
<AName><![CDATA[Init]]></AName>
<Summary sTime="10/29/2019 - 12:09:10" eTime="10/29/2019 - 12:09:10" passed="0" failed="0" warnings="0" ></Summary>
<NodeArgs eType="StartAction" icon="2" nRep="5" >
<Disp><![CDATA[Init Summary]]></Disp>
</NodeArgs>
</Action>
<DIter rID="T3" iterID="1" >
<Action rID="T4">
<AName><![CDATA[Action]]></AName>
<Step rID="T5">
<Obj plainTxt="False" ><![CDATA[Navigate]]></Obj>
<Details plainTxt="False" ><![CDATA[1: Navigate to http://adm-aos:8080 was finished]]></Details>
<Time><![CDATA[10/29/2019 - 12:09:12]]></Time>
<TimeTick>1572350952</TimeTick>
<NodeArgs eType="General" icon="0" nRep="9" status="Passed" >
<Disp><![CDATA[Navigate]]></Disp>
</NodeArgs>
</Step>
<Step rID="T6">
<Obj plainTxt="False" ><![CDATA[Click]]></Obj>
<Details plainTxt="False" ><![CDATA[3: Click on element (1)  was finished]]></Details>
<Time><![CDATA[10/29/2019 - 12:09:13]]></Time>
<TimeTick>1572350953</TimeTick>
<NodeArgs eType="General" icon="0" nRep="10" status="Passed" >
<Disp><![CDATA[Click]]></Disp>
</NodeArgs>
</Step>
<Step rID="T7">
<Obj plainTxt="False" ><![CDATA[Type]]></Obj>
<Details plainTxt="False" ><![CDATA[5: Type laptop in Search AdvantageOnlineSho... textbox was finished]]></Details>
<Time><![CDATA[10/29/2019 - 12:09:16]]></Time>
<TimeTick>1572350956</TimeTick>
<NodeArgs eType="General" icon="0" nRep="11" status="Passed" >
<Disp><![CDATA[Type]]></Disp>
</NodeArgs>
</Step>
<Step rID="T8">
<Obj plainTxt="False" ><![CDATA[Press Key]]></Obj>
<Details plainTxt="False" ><![CDATA[7: Press key Enter on Search AdvantageOnlineSho... textbox was finished]]></Details>
<Time><![CDATA[10/29/2019 - 12:09:17]]></Time>
<TimeTick>1572350957</TimeTick>
<NodeArgs eType="General" icon="0" nRep="12" status="Passed" >
<Disp><![CDATA[Press Key]]></Disp>
</NodeArgs>
</Step>
<Step rID="T9">
<Obj plainTxt="False" ><![CDATA[Select]]></Obj>
<Details plainTxt="False" ><![CDATA[9: Select laptop CATEGORIES TOP RE...H LAPTOP $319.99 from Search AdvantageOnlineSho... listbox was finished]]></Details>
<Time><![CDATA[10/29/2019 - 12:09:18]]></Time>
<TimeTick>1572350958</TimeTick>
<NodeArgs eType="General" icon="0" nRep="13" status="Passed" >
<Disp><![CDATA[Select]]></Disp>
</NodeArgs>
</Step>
<Step rID="T10">
<Obj plainTxt="False" ><![CDATA[Click]]></Obj>
<Details plainTxt="False" ><![CDATA[10: Click on image (1) image was finished]]></Details>
<Time><![CDATA[10/29/2019 - 12:09:19]]></Time>
<TimeTick>1572350959</TimeTick>
<NodeArgs eType="General" icon="0" nRep="14" status="Passed" >
<Disp><![CDATA[Click]]></Disp>
</NodeArgs>
</Step>
<Step rID="T11">
<Obj plainTxt="False" ><![CDATA[Click]]></Obj>
<Details plainTxt="False" ><![CDATA[11: Click on ADD TO CART button was finished]]></Details>
<Time><![CDATA[10/29/2019 - 12:09:21]]></Time>
<TimeTick>1572350961</TimeTick>
<NodeArgs eType="General" icon="0" nRep="15" status="Passed" >
<Disp><![CDATA[Click]]></Disp>
</NodeArgs>
</Step>
<Step rID="T12">
<Obj plainTxt="False" ><![CDATA[Click]]></Obj>
<Details plainTxt="False" ><![CDATA[13: Click on element (2)  was finished]]></Details>
<Time><![CDATA[10/29/2019 - 12:09:22]]></Time>
<TimeTick>1572350962</TimeTick>
<NodeArgs eType="General" icon="0" nRep="16" status="Passed" >
<Disp><![CDATA[Click]]></Disp>
</NodeArgs>
</Step>
<Step rID="T13">
<Obj plainTxt="False" ><![CDATA[Click]]></Obj>
<Details plainTxt="False" ><![CDATA[15: Click on CHECKOUT ($519.99) button was finished]]></Details>
<Time><![CDATA[10/29/2019 - 12:09:23]]></Time>
<TimeTick>1572350963</TimeTick>
<NodeArgs eType="General" icon="0" nRep="17" status="Passed" >
<Disp><![CDATA[Click]]></Disp>
</NodeArgs>
</Step>
<Step rID="T14">
<Obj plainTxt="False" ><![CDATA[Click]]></Obj>
<Details plainTxt="False" ><![CDATA[16: Click on Username textbox was finished]]></Details>
<Time><![CDATA[10/29/2019 - 12:09:24]]></Time>
<TimeTick>1572350964</TimeTick>
<NodeArgs eType="General" icon="0" nRep="18" status="Passed" >
<Disp><![CDATA[Click]]></Disp>
</NodeArgs>
</Step>
<Step rID="T15">
<Obj plainTxt="False" ><![CDATA[Type]]></Obj>
<Details plainTxt="False" ><![CDATA[17: Type admin in Username textbox was finished]]></Details>
<Time><![CDATA[10/29/2019 - 12:09:27]]></Time>
<TimeTick>1572350967</TimeTick>
<NodeArgs eType="General" icon="0" nRep="19" status="Passed" >
<Disp><![CDATA[Type]]></Disp>
</NodeArgs>
</Step>
<Step rID="T16">
<Obj plainTxt="False" ><![CDATA[Type]]></Obj>
<Details plainTxt="False" ><![CDATA[18: Type ***** in Password passwordbox was finished]]></Details>
<Time><![CDATA[10/29/2019 - 12:09:29]]></Time>
<TimeTick>1572350969</TimeTick>
<NodeArgs eType="General" icon="0" nRep="20" status="Passed" >
<Disp><![CDATA[Type]]></Disp>
</NodeArgs>
</Step>
<Step rID="T17">
<Obj plainTxt="False" ><![CDATA[Click]]></Obj>
<Details plainTxt="False" ><![CDATA[19: Click on LOGIN button was finished]]></Details>
<Time><![CDATA[10/29/2019 - 12:09:30]]></Time>
<TimeTick>1572350970</TimeTick>
<NodeArgs eType="General" icon="0" nRep="21" status="Passed" >
<Disp><![CDATA[Click]]></Disp>
</NodeArgs>
</Step>
<Step rID="T18">
<Obj plainTxt="False" ><![CDATA[Click]]></Obj>
<Details plainTxt="False" ><![CDATA[20: Click on NEXT button was finished]]></Details>
<Time><![CDATA[10/29/2019 - 12:09:32]]></Time>
<TimeTick>1572350972</TimeTick>
<NodeArgs eType="General" icon="0" nRep="22" status="Passed" >
<Disp><![CDATA[Click]]></Disp>
</NodeArgs>
</Step>
<Step rID="T19">
<Obj plainTxt="False" ><![CDATA[Type]]></Obj>
<Details plainTxt="False" ><![CDATA[22: Type admin in *SafePay username textbox was finished]]></Details>
<Time><![CDATA[10/29/2019 - 12:09:35]]></Time>
<TimeTick>1572350975</TimeTick>
<NodeArgs eType="General" icon="0" nRep="23" status="Passed" >
<Disp><![CDATA[Type]]></Disp>
</NodeArgs>
</Step>
<Step rID="T20">
<Obj plainTxt="False" ><![CDATA[Mouse Down]]></Obj>
<Details plainTxt="False" ><![CDATA[23: Mouse down on *SafePay password passwordbox was finished]]></Details>
<Time><![CDATA[10/29/2019 - 12:09:36]]></Time>
<TimeTick>1572350976</TimeTick>
<NodeArgs eType="General" icon="0" nRep="24" status="Passed" >
<Disp><![CDATA[Mouse Down]]></Disp>
</NodeArgs>
</Step>
<Step rID="T21">
<Obj plainTxt="False" ><![CDATA[Type]]></Obj>
<Details plainTxt="False" ><![CDATA[25: Type ***** in *SafePay password passwordbox was finished]]></Details>
<Time><![CDATA[10/29/2019 - 12:09:38]]></Time>
<TimeTick>1572350978</TimeTick>
<NodeArgs eType="General" icon="0" nRep="25" status="Passed" >
<Disp><![CDATA[Type]]></Disp>
</NodeArgs>
</Step>
<Step rID="T22">
<Obj plainTxt="False" ><![CDATA[Click]]></Obj>
<Details plainTxt="False" ><![CDATA[26: Click on PAY NOW button was finished]]></Details>
<Time><![CDATA[10/29/2019 - 12:09:39]]></Time>
<TimeTick>1572350979</TimeTick>
<NodeArgs eType="General" icon="0" nRep="26" status="Passed" >
<Disp><![CDATA[Click]]></Disp>
</NodeArgs>
</Step>
<Step rID="T23">
<Obj plainTxt="False" ><![CDATA[Click]]></Obj>
<Details plainTxt="False" ><![CDATA[27: Click on Thank you for buying...  was finished]]></Details>
<Time><![CDATA[10/29/2019 - 12:09:40]]></Time>
<TimeTick>1572350980</TimeTick>
<NodeArgs eType="General" icon="0" nRep="27" status="Passed" >
<Disp><![CDATA[Click]]></Disp>
</NodeArgs>
</Step>
<Step rID="T24">
<Obj plainTxt="False" ><![CDATA[Click]]></Obj>
<Details plainTxt="False" ><![CDATA[28: Click on admin link was finished]]></Details>
<Time><![CDATA[10/29/2019 - 12:09:41]]></Time>
<TimeTick>1572350981</TimeTick>
<NodeArgs eType="General" icon="0" nRep="28" status="Passed" >
<Disp><![CDATA[Click]]></Disp>
</NodeArgs>
</Step>
<Step rID="T25">
<Obj plainTxt="False" ><![CDATA[Click]]></Obj>
<Details plainTxt="False" ><![CDATA[29: Click on Sign out link was finished]]></Details>
<Time><![CDATA[10/29/2019 - 12:09:42]]></Time>
<TimeTick>1572350982</TimeTick>
<NodeArgs eType="General" icon="0" nRep="29" status="Passed" >
<Disp><![CDATA[Click]]></Disp>
</NodeArgs>
</Step>
<Summary sTime="10/29/2019 - 12:09:11" eTime="10/29/2019 - 12:09:42" passed="21" failed="0" warnings="0" ></Summary>
<NodeArgs eType="StartAction" icon="2" nRep="8" status="Passed" >
<Disp><![CDATA[Action Summary]]></Disp>
</NodeArgs>
</Action>
<NodeArgs eType="StartIteration" icon="3" nRep="7" status="Passed" >
<Disp><![CDATA[Full_Purchase_AOS_TC Iteration 1 (Row 1)]]></Disp>
</NodeArgs>
</DIter>
<Action rID="T26">
<AName><![CDATA[End]]></AName>
<Summary sTime="10/29/2019 - 12:09:42" eTime="10/29/2019 - 12:09:42" passed="0" failed="0" warnings="0" ></Summary>
<NodeArgs eType="StartAction" icon="2" nRep="32" >
<Disp><![CDATA[End Summary]]></Disp>
</NodeArgs>
</Action>
<Summary sTime="10/29/2019 - 12:09:06" eTime="10/29/2019 - 12:09:49" passed="21" failed="0" warnings="0" ></Summary>
<NodeArgs eType="StartTest" icon="1" nRep="4" status="Passed" >
<Disp><![CDATA[Test Full_Purchase_AOS_TC Summary]]></Disp>
</NodeArgs>
</Doc>
</Report>